id,name,size,proof,abv,spirit_type,brand_id,popularity,image_url,avg_msrp,fair_price,shelf_price,total_score,wishlist_count,vote_count,bar_count,ranking
164,Blanton's Original Single Barrel,750,93.0,46.5,Bourbon,10.0,100737.0,images/164.jpg,74.99,104.52,139.86,92451,8983,29697,53771,1
2848,Eagle Rare 10 Year,750,,45.0,Bourbon,542.0,100519.0,images/2848.jpg,39.99,66.25,49.99,82217,8744,25989,47484,2
4984,"E.H. Taylor, Jr. Small Batch",750,,50.0,Bourbon,210.0,100407.0,images/4984.jpg,44.99,94.43,93.57,61777,8161,19475,34141,3
466,Buffalo Trace,750,90.0,45.0,Bourbon,245.0,100447.0,images/466.jpg,26.99,41.82,36.96,49610,3403,12293,33914,4
158,Weller Antique 107,750,,53.5,Bourbon,156.0,100266.0,images/158.jpg,56.35,116.66,109.89,40001,8098,13989,17914,5
2803,Weller Special Reserve,750,,45.0,Bourbon,156.0,100328.0,images/2803.jpg,29.49,58.63,64.99,39429,3810,9769,25850,6
1586,Weller 12 Year The Original Wheated Bourbon,750,90.0,45.0,Bourbon,8728.0,100251.0,images/1586.jpg,159.99,178.62,234.49,25142,5835,8201,11106,7
2993,Stagg Jr.,750,134.4,67.2,Bourbon,3640.0,100027.0,images/2993.jpg,49.46,147.92,172.99,23209,6685,10765,5759,8
4662,Henry McKenna 10 Year,750,,50.0,Bourbon,777.0,100145.0,images/4662.jpg,60.49,75.24,79.99,20707,1832,5826,13049,9
409,Weller Full Proof,750,,57.0,Bourbon,156.0,100191.0,images/409.jpg,61.99,188.33,399.99,20287,5486,6033,8768,10
5120,"E.H. Taylor, Jr. Single Barrel",750,,50.0,Bourbon,210.0,100206.0,images/5120.jpg,73.76,166.45,135.14,20267,4889,5785,9593,11
13266,Heaven Hill Bottled In Bond 7 Year,750,,50.0,Bourbon,430.0,100144.0,images/13266.jpg,47.74,62.34,84.99,18850,1948,5366,11536,12
13089,Elijah Craig Toasted Barrel,750,,47.0,Bourbon,430.0,100094.0,images/13089.jpg,49.72,74.17,82.99,17328,2058,4696,10574,13
150,1792 Full Proof,750,,62.5,Bourbon,42.0,100098.0,images/150.jpg,45.92,73.06,79.87,16891,2392,5407,9092,14
159,Blanton's Gold Edition,750,103.0,51.5,Bourbon,10.0,100190.0,images/159.jpg,119.99,232.52,324.99,14458,3680,4511,6267,15
4905,Elmer T. Lee,750,90.0,45.0,Bourbon,700.0,100142.0,images/4905.jpg,56.66,147.57,329.87,14337,3855,4955,5527,16
1296,Knob Creek 12 Year,750,,50.0,Bourbon,189.0,100113.0,images/1296.jpg,61.99,86.81,91.29,13625,1444,3547,8634,17
1805,Sazerac Rye Whiskey,750,,45.0,Rye,705.0,100054.0,images/1805.jpg,28.73,46.77,51.89,13399,776,3080,9543,18
1816,Wild Turkey Rare Breed,750,116.8,58.4,Bourbon,191.0,100084.0,images/1816.jpg,46.03,70.61,68.79,13373,2054,3516,7803,19
2336,Woodford Reserve Double Oaked,750,90.4,45.2,Bourbon,2004.0,100171.0,images/2336.jpg,57.99,66.85,72.28,12705,1456,3207,8042,20
1522,Russell's Reserve 10 Year,750,,45.0,Bourbon,191.0,100122.0,images/1522.jpg,45.99,56.99,48.74,12391,1368,3192,7831,21
263,Old Forester 1920 Prohibition Style,750,115.0,57.5,Bourbon,152.0,100076.0,images/263.jpg,59.33,72.85,67.99,11816,1919,3016,6881,22
3088,Rock Hill Farms Bourbon,750,100.0,50.0,Bourbon,245.0,100081.0,images/3088.jpg,54.14,219.98,126.11,10747,3845,4387,2515,23
4589,Weller C.Y.P.B.,750,,47.5,Bourbon,156.0,100091.0,images/4589.jpg,49.17,231.09,131.66,10094,4091,3360,2643,24
4742,Old Grand Dad 114,750,114.0,57.0,Bourbon,793.0,100053.0,images/4742.jpg,30.75,40.74,33.84,10055,1084,2791,6180,25
15946,Smoke Wagon Uncut Unfiltered Bourbon,750,116.0,58.0,Bourbon,2808.0,100029.0,images/15946.jpg,64.99,107.24,147.89,9863,1450,2947,5466,26
2839,Caribou Crossing,750,80.0,40.0,Canadian Whisky,3733.0,100083.0,images/2839.jpg,49.96,95.28,59.57,9529,1502,3027,5000,27
2193,Evan Williams Bottled in Bond White Label,750,100.0,50.0,Bourbon,167.0,1999.0,images/2193.jpg,17.02,32.19,20.19,9513,736,5885,2892,28
1643,1792 Small Batch,750,93.7,46.85,Bourbon,42.0,100056.0,images/1643.jpg,30.3,45.11,33.22,9413,950,2550,5913,29
1165,Four Roses Single Barrel Straight Bourbon,750,120.0,60.0,Bourbon,148.0,200.0,images/1165.jpg,56.64,68.79,116.7,8466,1621,309,6536,30
3655,Angel's Envy,750,,43.3,Bourbon,96.0,100062.0,images/3655.jpg,49.2,69.02,36.7,8236,750,2019,5467,31
4952,Elijah Craig 18 Year Single Barrel,750,90.0,45.0,Bourbon,2.0,100078.0,images/4952.jpg,136.4,236.83,282.16,8228,1366,2745,4117,32
1587,Willett Pot Still Reserve Bourbon,750,94.0,47.0,Bourbon,2986.0,100083.0,images/1587.jpg,52.21,73.74,45.71,8210,765,2163,5282,33
4792,Elijah Craig Small Batch,750,94.0,47.0,Bourbon,2.0,100045.0,images/4792.jpg,27.78,45.78,27.05,8025,799,1994,5232,34
1821,Russell’s Reserve Single Barrel,750,,55.0,Bourbon,496.0,100049.0,images/1821.jpg,57.4,81.44,61.99,8022,1403,2031,4588,35
355,Baker's 7 Year 107 Proof,750,,53.5,Bourbon,288.0,100050.0,images/355.jpg,61.08,85.23,74.99,7772,677,2013,5082,37
12843,Blanton's Straight from the Barrel,750,126.7,63.35,Bourbon,10.0,100104.0,images/12843.jpg,149.98,269.23,241.66,7757,2573,2125,3059,38
2214,Old Forester 1910 Old Fine Whiskey,750,93.0,46.5,Bourbon,152.0,100059.0,images/2214.jpg,53.62,67.48,53.19,7673,1167,1833,4673,39
1211,Old Rip Van Winkle 10 Year,750,,53.5,Bourbon,370.0,100108.0,images/1211.jpg,129.99,576.68,816.66,7590,2100,2717,2773,40
16078,Russell's Reserve 13 Years Bourbon,750,114.8,57.4,Bourbon,496.0,100064.0,images/16078.jpg,109.97,246.23,264.99,7586,2297,2707,2582,41
1074,Early Times Bottled In Bond,1000,100.0,50.0,Bourbon,348.0,100054.0,images/1074.jpg,24.01,36.14,22.57,7542,941,1821,4780,42
1282,Willett Family Estate Small Batch Rye 4 Year,750,110.0,55.0,Rye,2986.0,100049.0,images/1282.jpg,60.58,89.01,93.69,7534,595,2011,4928,43
873,Weller Special Reserve,1750,90.0,45.0,Bourbon,156.0,100039.0,images/873.jpg,53.28,90.38,178.73,7487,700,2243,4544,44
1629,Michter's US1 Kentucky Straight Bourbon,750,91.0,45.5,Bourbon,405.0,100061.0,images/1629.jpg,41.82,72.44,63.99,7458,774,1470,5214,45
3574,1792 Bottled In Bond,750,100.0,50.0,Bourbon,42.0,100053.0,images/3574.jpg,41.64,84.64,63.84,7312,1002,1554,4756,46
1510,Booker's Bourbon,750,129.2,64.6,Bourbon,647.0,100031.0,images/1510.jpg,86.86,133.7,108.69,7250,1728,2217,3305,47
3300,Pappy Van Winkle 15 Year Family Reserve,750,,53.5,Bourbon,370.0,100067.0,images/3300.jpg,131.64,709.41,1617.37,7110,3453,2592,1065,48
33209,Russell’s Reserve 15 Year,750,117.2,58.6,Bourbon,496.0,100187.0,images/33209.jpg,249.99,362.17,398.31,6897,3960,1781,1156,49
2879,1792 Sweet Wheat Bourbon,750,91.2,45.6,Bourbon,42.0,100063.0,images/2879.jpg,37.34,87.85,77.49,6813,1776,1803,3234,50
3819,1792 Single Barrel,750,98.6,49.3,Bourbon,42.0,100080.0,images/3819.jpg,41.35,68.0,52.99,6683,1035,1467,4181,51
21319,Traveller Whiskey,750,90.0,45.0,Bourbon,4873.0,100072.0,images/21319.jpg,39.97,48.84,37.69,6641,309,1868,4464,52
3660,Woodford Reserve Bourbon,750,90.4,45.2,Bourbon,2004.0,100058.0,images/3660.jpg,36.62,54.2,32.66,6608,685,1498,4425,53
4739,Colonel E.H. Taylor Barrel Proof - Batch 6,750,128.1,64.05,Bourbon,210.0,1800.0,images/4739.jpg,70.78,366.21,422.99,6594,2977,2146,1471,54
4245,Larceny Barrel Proof,750,128.0,64.0,Bourbon,587.0,1800.0,images/4245.jpg,52.74,94.49,113.47,6537,1092,1668,3777,55
4448,Weller Single Barrel,750,,48.5,Bourbon,156.0,100087.0,images/4448.jpg,55.95,252.98,748.99,6456,2946,2069,1441,56
477,George T. Stagg 2009 Release,750,141.4,70.7,Bourbon,352.0,1900.0,images/477.jpg,99.98,843.74,974.99,6424,3283,2363,778,57
4762,Jack Daniel's Single Barrel Barrel Proof,750,128.0,64.0,Whiskey,231.0,100063.0,images/4762.jpg,64.18,86.27,74.99,6225,779,1425,4021,58
4255,Blade and Bow Bourbon,750,91.0,45.5,Bourbon,674.0,100053.0,images/4255.jpg,48.82,72.02,50.79,6221,531,1545,4145,59
620,Buffalo Trace,1750,90.0,45.0,Bourbon,245.0,100053.0,images/620.jpg,49.54,82.63,69.99,5928,365,1537,4026,60
4373,Four Roses Small Batch Select,750,,52.0,Bourbon,148.0,100044.0,images/4373.jpg,59.98,77.21,72.3,5865,633,1518,3714,61
3671,"E.H. Taylor, Jr. Straight Rye",750,,50.0,Rye,210.0,100111.0,images/3671.jpg,79.99,171.45,197.89,5810,1091,1567,3152,62
4708,Wild Turkey 101,750,101.0,50.5,Bourbon,191.0,100040.0,images/4708.jpg,25.4,39.44,27.85,5764,726,1553,3485,63
519,Pappy Van Winkle 23 Year Family Reserve,750,,47.8,Bourbon,370.0,100046.0,images/519.jpg,321.64,958.61,4899.97,5689,2453,2982,254,64
15947,Smoke Wagon Small Batch Bourbon,750,,50.0,Bourbon,2808.0,1800.0,images/15947.jpg,45.99,76.79,62.78,5648,862,1449,3337,65
15966,Knob Creek 9 Year,750,100.0,50.0,Bourbon,189.0,100050.0,images/15966.jpg,34.99,50.86,37.88,5436,666,1369,3401,66
13668,Maker's Mark 101,750,101.0,50.5,Bourbon,333.0,100027.0,images/13668.jpg,39.97,66.69,49.99,5428,786,1733,2909,67
1702,High West A Midwinter Night's Dram Act 4 Scene 5,750,98.6,49.3,Rye,350.0,1980.0,images/1702.jpg,105.97,212.92,192.89,5360,1519,2092,1749,68
3959,William Larue Weller - 2009,750,134.8,67.4,Bourbon,156.0,1820.0,images/3959.jpg,104.14,563.81,1296.96,5255,2829,1917,509,69
4002,Michter's 10 Year Single Barrel Bourbon 2020 Bottling,750,,47.2,Bourbon,405.0,100049.0,images/4002.jpg,189.99,346.85,437.24,5190,1972,1519,1699,70
987,Widow Jane 10 Year Straight Bourbon,750,91.0,45.5,Bourbon,295.0,100029.0,images/987.jpg,59.99,100.87,89.99,5119,792,1328,2999,71
13584,Jack Daniel's Single Barrel Rye Barrel Proof,750,,65.15,Rye,231.0,100035.0,images/13584.jpg,67.47,99.92,412.99,5059,720,1138,3201,72
3694,"Van Winkle 12 Year Special Reserve Lot ""B""",750,,45.2,Bourbon,370.0,100061.0,images/3694.jpg,799.99,736.03,1026.64,5024,1084,1857,2083,73
1641,Wild Turkey Kentucky Spirit Single Barrel,750,101.0,50.5,Bourbon,191.0,100055.0,images/1641.jpg,57.2,92.34,68.93,4878,515,1089,3274,74
17951,Penelope Architect,750,104.0,52.0,Bourbon,2817.0,100030.0,images/17951.jpg,62.48,87.86,66.0,4794,404,1100,3290,75
144,Elijah Craig Barrel Proof Batch A119,750,134.2,67.1,Bourbon,2.0,1980.0,images/144.jpg,69.98,104.95,91.89,4765,1205,1847,1713,76
3773,Four Roses Small Batch,750,90.0,45.0,Bourbon,148.0,100037.0,images/3773.jpg,33.42,49.36,36.56,4736,493,1162,3081,77
1269,Maker's Mark 46,750,94.0,47.0,Bourbon,333.0,100027.0,images/1269.jpg,25.99,42.09,36.66,4699,595,1137,2967,78
18530,Knob Creek 18 Year Limited Edition,750,100.0,50.0,Bourbon,189.0,100060.0,images/18530.jpg,163.31,227.89,254.14,4675,559,1411,2705,79
2755,Maker's Mark Bourbon,750,90.0,45.0,Bourbon,333.0,100064.0,images/2755.jpg,21.99,37.87,27.99,4663,424,1108,3131,80
17318,Jack Daniel's 10 Year,750,97.0,48.5,Whiskey,231.0,100039.0,images/17318.jpg,84.95,179.31,274.97,4620,750,1344,2526,81
3651,Eagle Rare 10 Year,1750,90.0,45.0,Bourbon,542.0,100059.0,images/3651.jpg,60.75,124.03,79.95,4605,534,1413,2658,82
14150,1792 Aged Twelve Years,750,96.6,48.3,Bourbon,42.0,100064.0,images/14150.jpg,51.46,96.99,57.64,4503,902,1154,2447,83
3731,Michter's US1 Toasted Sour Mash,750,1.0,0.5,Bourbon,405.0,1960.0,images/3731.jpg,45.7,65.06,57.98,4433,1128,799,2506,84
3674,Bulleit Bourbon,750,90.0,45.0,Bourbon,415.0,100058.0,images/3674.jpg,28.36,44.68,35.29,4365,561,1359,2445,85
20691,Elijah Craig Barrel Proof C923,750,133.0,66.5,Bourbon,2.0,100033.0,images/20691.jpg,72.48,146.32,81.57,4296,750,1106,2440,86
1217,Joseph Magnus Cigar Blend Bourbon,750,116.0,58.0,Bourbon,443.0,100037.0,images/1217.jpg,173.33,261.75,299.98,4292,740,1467,2085,87
1966,Jack Daniel's Sinatra Select,1000,90.0,45.0,Whiskey,231.0,100030.0,images/1966.jpg,156.13,238.67,189.19,4235,530,1612,2093,88
20783,Larceny Barrel Proof Batch C923,750,,63.2,Bourbon,587.0,100028.0,images/20783.jpg,59.99,104.33,75.26,4215,546,1429,2240,89
17248,Benchmark Full Proof,750,125.0,62.5,Bourbon,3330.0,100037.0,images/17248.jpg,21.47,33.47,25.99,4135,411,915,2809,90
21356,Old Forester 1924 10 Year,750,100.0,50.0,Bourbon,152.0,100064.0,images/21356.jpg,114.97,183.86,112.5,4109,853,1206,2050,91
3775,Yellowstone Select,750,93.0,46.5,Bourbon,272.0,1700.0,images/3775.jpg,37.08,54.12,49.99,4068,382,1167,2519,92
46254,Wild Turkey Jimmy Russell 70th Anniversary,750,101.0,50.5,Bourbon,191.0,100158.0,images/46254.jpg,49.99,75.72,69.82,3994,704,898,2392,93
2969,Old Ezra 7 Year Barrel Strength,750,117.0,58.5,Bourbon,850.0,1700.0,images/2969.jpg,49.24,106.38,78.99,3986,533,1200,2253,94
4299,Jack Daniel's Single Barrel Select,750,94.0,47.0,Whiskey,231.0,100044.0,images/4299.jpg,48.14,76.97,59.42,3965,290,932,2743,95
1046,Double Eagle Very Rare,750,90.0,45.0,Bourbon,542.0,1996.0,images/1046.jpg,1944.94,3048.26,12138.3,3864,1476,2324,64,96
17358,Jack Daniel's Coy Hill Single Barrel,750,148.0,74.0,Whiskey,231.0,1996.0,images/17358.jpg,69.99,276.99,572.89,3855,1352,1960,543,97
16960,Basil Hayden Toast,750,,40.0,Bourbon,330.0,600.0,images/16960.jpg,51.63,71.49,58.94,3823,350,558,2915,98
2533,Knob Creek 9 Year Single Barrel Reserve,750,120.0,60.0,Bourbon,189.0,100028.0,images/2533.jpg,55.1,85.23,67.62,3789,304,942,2543,99
803,Redwood Empire Pipe Dream,750,90.0,45.0,Bourbon,445.0,100043.0,images/803.jpg,40.64,50.33,45.91,3756,371,922,2463,100
3755,Angel's Envy Rye,750,100.0,50.0,Rye,96.0,100.0,images/3755.jpg,95.69,125.56,110.0,3749,390,1058,2301,101
19547,Jack Daniel’s 12 Year Tennessee Whiskey #1,750,107.0,53.5,Whiskey,231.0,100047.0,images/19547.jpg,82.48,188.35,359.0,3658,874,1173,1611,102
16681,Blanton's Black,750,80.0,40.0,Bourbon,10.0,100033.0,images/16681.jpg,199.99,294.28,224.73,3654,1729,848,1077,103
2706,Elijah Craig Barrel Proof Batch B519,750,125.0,62.5,Bourbon,2.0,1200.0,images/2706.jpg,62.48,101.64,89.99,3597,794,1614,1189,104
4776,Pappy Van Winkle 20 Year Family Reserve,750,,45.2,Bourbon,370.0,1800.0,images/4776.jpg,218.31,1072.05,2399.9,3557,2117,1073,367,105
1708,Bowman Brothers Small Batch,750,90.0,45.0,Bourbon,687.0,100049.0,images/1708.jpg,31.35,55.59,33.58,3532,283,877,2372,106
2849,Hancock's President's Reserve Bourbon,750,88.9,44.45,Bourbon,2320.0,100043.0,images/2849.jpg,51.64,128.09,189.89,3528,654,1063,1811,107
2769,Old Forester 1897 Bottled In Bond,750,100.0,50.0,Bourbon,152.0,100026.0,images/2769.jpg,46.99,69.06,57.99,3515,622,836,2057,108
5194,Michter's US1 Kentucky Straight Rye,750,84.8,42.4,Rye,405.0,200.0,images/5194.jpg,43.01,70.36,54.99,3470,294,663,2513,109
3317,Michter's Limited Release Toasted Barrel Bourbon,750,,45.7,Bourbon,405.0,100049.0,images/3317.jpg,70.66,205.5,299.99,3446,1544,913,989,110
15948,Smoke Wagon Bourbon,750,92.0,46.0,Bourbon,2808.0,1780.0,images/15948.jpg,29.99,46.7,34.99,3444,465,819,2160,111
4948,Thomas H Handy,750,129.5,64.75,Rye,3684.0,100044.0,images/4948.jpg,103.54,530.79,700.0,3440,1047,1162,1231,112
2353,Knob Creek 15 Year Batch KC001,750,,50.0,Bourbon,189.0,1600.0,images/2353.jpg,113.3,174.28,119.99,3432,916,1036,1480,113
3958,Basil Hayden's Bourbon,750,80.0,40.0,Bourbon,330.0,100027.0,images/3958.jpg,38.95,52.11,44.13,3427,249,783,2395,114
4450,Buffalo Trace,1000,90.0,45.0,Bourbon,245.0,100050.0,images/4450.jpg,31.77,58.32,39.0,3427,185,821,2421,114
17176,Peerless Double Oak Bourbon,750,109.0,54.5,Bourbon,163.0,100057.0,images/17176.jpg,88.97,120.88,148.49,3406,679,813,1914,116
7140,Buffalo Trace Bourbon Cream,750,30.0,15.0,Liqueurs,245.0,200.0,images/7140.jpg,20.97,36.72,28.99,3357,140,729,2488,117
14409,Widow Jane Decadence,750,91.0,45.5,Whiskey,295.0,100062.0,images/14409.jpg,84.97,127.96,146.31,3342,438,862,2042,118
1462,Larceny,750,92.0,46.0,Bourbon,587.0,200.0,images/1462.jpg,25.81,39.24,31.99,3324,275,863,2186,119
4576,Michter's Single Barrel Rye 10 Year,750,93.0,46.5,Rye,405.0,100038.0,images/4576.jpg,158.6,287.59,275.99,3292,663,1053,1576,120
429,Old Forester Statesman,750,95.0,47.5,Bourbon,152.0,100029.0,images/429.jpg,52.87,81.93,59.49,3261,342,848,2071,121
1663,Redbreast 12 Year Old Single Pot Still,750,80.0,40.0,Irish Whiskey,646.0,1920.0,images/1663.jpg,66.08,80.59,71.77,3233,511,878,1844,122
21689,Crown Royal Blackberry,750,70.0,35.0,Canadian Whisky,182.0,100067.0,images/21689.jpg,33.95,43.69,36.67,3204,94,734,2376,123
16484,Calumet Farm 15 Year Single Rack Black,750,105.0,52.5,Bourbon,769.0,1960.0,images/16484.jpg,129.98,158.66,149.99,3176,580,829,1767,124
4598,Weller Antique 107,1750,107.0,53.5,Bourbon,156.0,100058.0,images/4598.jpg,99.99,165.4,299.99,3168,782,1145,1241,125
15985,George Dickel 15 Year Single Barrel,750,105.0,52.5,Whiskey,486.0,1996.0,images/15985.jpg,59.97,97.54,100.4,3114,441,1150,1523,126
17021,Little Book Chapter 5: The Invitation,750,117.0,58.5,Bourbon,823.0,1998.0,images/17021.jpg,124.97,188.56,209.89,3102,882,1188,1032,127
4486,John J. Bowman Single Barrel 10 Year,750,100.0,50.0,Bourbon,6232.0,200.0,images/4486.jpg,49.15,80.71,55.04,3084,753,743,1588,128
1636,Russell’s Reserve Private Barrel Selection Single Barrel,750,110.0,55.0,Bourbon,496.0,100074.0,images/1636.jpg,56.99,104.53,63.83,3006,442,538,2026,129
220,Noah's Mill,750,,57.15,Bourbon,8577.0,200.0,images/220.jpg,63.83,93.77,71.49,2967,273,762,1932,130
3941,Michter's US1 Unblended American Whiskey,750,83.0,41.5,Bourbon,405.0,200.0,images/3941.jpg,44.98,68.58,54.66,2905,294,679,1932,131
4593,Kentucky Owl Confiscated,750,,48.2,Bourbon,779.0,100.0,images/4593.jpg,124.97,217.88,159.12,2884,296,929,1659,132
1924,Old Tub,750,100.0,50.0,Bourbon,3559.0,1999.0,images/1924.jpg,22.23,35.33,29.99,2881,276,950,1655,133
2594,Eagle Rare 17 Year,750,90.0,45.0,Bourbon,542.0,100.0,images/2594.jpg,103.54,681.17,1998.89,2833,1487,990,356,134
14147,Blanton's,375,93.0,46.5,Bourbon,10.0,,images/14147.jpg,31.99,53.88,84.99,2814,164,693,1957,135
19806,John J. Bowman Single Barrel Limited Edition,750,100.0,50.0,Bourbon,3248.0,100060.0,images/19806.jpg,50.0,85.75,54.99,2774,421,554,1799,136
2476,Old Grand Dad Bonded,750,,50.0,Bourbon,793.0,100028.0,images/2476.jpg,23.66,36.25,27.49,2773,279,721,1773,137
19971,Penelope 5 Year Toasted Barrel,750,,50.0,Bourbon,2817.0,100058.0,images/19971.jpg,69.98,93.12,58.9,2754,270,616,1868,138
1800,Bomberger Small Batch Straight Bourbon,750,108.0,54.0,Bourbon,703.0,100033.0,images/1800.jpg,91.98,166.94,277.11,2710,586,820,1304,139
19503,Ben Holladay Soft Red Wheat Bottled in Bond,750,100.0,50.0,Bourbon,3647.0,100050.0,images/19503.jpg,59.97,77.74,59.99,2709,285,633,1791,140
38465,Maker's Mark Wood Finish Series The Heart Release 2024,750,111.7,55.85,Bourbon,333.0,100077.0,images/38465.jpg,75.0,108.96,146.15,2695,274,523,1898,141
495,Maker's Mark Cask Strength,750,113.2,56.6,Bourbon,333.0,200.0,images/495.jpg,49.73,65.34,55.7,2669,301,606,1762,142
19526,Maker's Mark 2023 Wood Finishing Series BEP,750,110.0,55.0,Bourbon,333.0,200.0,images/19526.jpg,67.47,117.43,64.99,2667,93,675,1899,143
16613,Barrell Seagrass Rye Whiskey,750,118.4,59.2,Rye,146.0,200.0,images/16613.jpg,87.46,94.18,90.06,2659,263,755,1641,144
3860,Jack Daniel's,750,80.0,40.0,Whiskey,231.0,100039.0,images/3860.jpg,24.21,35.04,27.29,2658,196,1005,1457,145
966,New Riff Bourbon Single Barrel,750,98.0,49.0,Bourbon,254.0,100029.0,images/966.jpg,52.49,81.63,57.6,2655,342,585,1728,146
3249,Wild Turkey Rare Breed Barrel Proof Rye,750,116.0,58.0,Rye,191.0,200.0,images/3249.jpg,57.48,81.77,74.89,2634,311,683,1640,147
1133,Uncle Nearest 1856,750,100.0,50.0,Whiskey,567.0,1996.0,images/1133.jpg,55.88,88.5,64.29,2633,384,848,1401,148
18070,Blood Oath Pact No. 8,750,,49.3,Bourbon,849.0,1980.0,images/18070.jpg,124.97,222.55,280.85,2623,438,889,1296,149
18184,Jack Daniel's Bonded,700,100.0,50.0,Whiskey,231.0,,images/18184.jpg,33.97,47.5,32.64,2598,104,650,1844,150
17898,Weller Special Reserve,1000,90.0,45.0,Bourbon,156.0,100039.0,images/17898.jpg,29.99,71.65,79.45,2587,229,714,1644,151
2291,Wild Turkey Longbranch 8 Year,750,86.0,43.0,Bourbon,191.0,200.0,images/2291.jpg,37.54,61.02,41.8,2584,229,648,1707,152
21106,Stagg - 23C,750,125.0,62.5,Bourbon,3640.0,100042.0,images/21106.jpg,59.99,197.99,175.83,2532,499,607,1426,153
2831,New Riff Bourbon,750,100.0,50.0,Bourbon,254.0,1700.0,images/2831.jpg,39.98,62.23,54.99,2512,474,631,1407,154
633,Michter's Barrel Strength Rye Whiskey,750,111.8,55.9,Rye,405.0,100025.0,images/633.jpg,79.02,204.81,215.39,2490,608,771,1111,155
2549,Crown Royal Peach,750,70.0,35.0,Canadian Whisky,182.0,100027.0,images/2549.jpg,29.61,45.5,39.99,2477,115,516,1846,156
3997,Redwood Empire Lost Monarch,750,90.0,45.0,Whiskey,445.0,200.0,images/3997.jpg,40.97,57.26,52.89,2471,263,588,1620,157
18508,Willett Wheated 8 Year,750,108.0,54.0,Bourbon,2986.0,100037.0,images/18508.jpg,249.99,339.41,270.58,2463,324,998,1141,158
41273,Stagg Batch 24A,750,,63.8,Bourbon,3640.0,100046.0,images/41273.jpg,65.0,172.98,207.47,2462,624,646,1192,159
17450,Benchmark Single Barrel,750,95.0,47.5,Bourbon,3330.0,100031.0,images/17450.jpg,24.97,36.69,31.89,2460,232,524,1704,160
21242,George T. Stagg 2023 Release,750,,67.5,Bourbon,352.0,100049.0,images/21242.jpg,124.97,622.6,1062.5,2356,718,699,939,161
893,Old Forester 86 Proof,750,,43.0,Bourbon,152.0,100031.0,images/893.jpg,21.25,34.71,22.99,2343,346,889,1108,162
16682,Blanton's Red,750,93.0,46.5,Bourbon,10.0,100033.0,images/16682.jpg,199.99,294.86,349.59,2317,1032,492,793,164
17397,Old Fitzgerald 8 Year - Spring 2021,750,100.0,50.0,Bourbon,234.0,1600.0,images/17397.jpg,84.99,191.83,234.55,2302,1467,602,233,165
17632,Elijah Craig Barrel Proof Batch A122,750,121.0,60.5,Bourbon,2.0,1200.0,images/17632.jpg,69.97,127.1,90.02,2292,214,602,1476,166
17435,Knob Creek 12 Year Cask Strength ,750,121.0,60.5,Bourbon,189.0,100036.0,images/17435.jpg,94.79,114.59,104.27,2265,720,683,862,167
435,Crown Royal,750,80.0,40.0,Canadian Whisky,182.0,1996.0,images/435.jpg,25.72,43.8,30.99,2234,162,795,1277,168
17247,Benchmark Bonded,750,100.0,50.0,Bourbon,3330.0,100029.0,images/17247.jpg,19.97,27.3,23.19,2231,226,466,1539,169
15984,Old Forester 150th Anniversary,750,127.0,63.5,Bourbon,152.0,1998.0,images/15984.jpg,150.0,270.36,512.47,2230,1020,904,306,170
670,Coopers' Craft Barrel Reserve,750,100.0,50.0,Bourbon,2494.0,100045.0,images/670.jpg,32.22,44.66,40.03,2219,433,246,1540,171
1579,Basil Hayden's 10 Year,750,,40.0,Bourbon,330.0,1800.0,images/1579.jpg,67.48,96.37,91.49,2206,323,630,1253,172
15989,Maker's Mark 2021 Wood Finishing Series FAE-01,750,111.0,55.5,Bourbon,333.0,200.0,images/15989.jpg,59.57,134.68,69.86,2186,314,631,1241,173
17068,Still Austin Cask Strength Bourbon,750,116.0,58.0,Bourbon,3145.0,100041.0,images/17068.jpg,64.99,73.69,71.0,2173,269,479,1425,174
5131,Jack Daniel's Single Barrel Barrel Proof,375,128.0,64.0,Whiskey,231.0,60.0,images/5131.jpg,33.97,75.34,45.88,2163,159,627,1377,175
19626,Bardstown Origin Series Bottled in Bond,750,100.0,50.0,Bourbon,778.0,100032.0,images/19626.jpg,49.97,69.08,54.05,2125,247,468,1410,176
1419,Isaac Bowman Port Barrel Finish Bourbon,750,92.0,46.0,Bourbon,6683.0,200.0,images/1419.jpg,39.3,60.52,61.79,2118,154,514,1450,177
16161,Blood Oath Pact No. 7,750,98.6,49.3,Whiskey,849.0,1980.0,images/16161.jpg,99.99,251.0,249.99,2085,406,782,897,178
17210,Penelope Toasted Series,750,112.0,56.0,Bourbon,2817.0,200.0,images/17210.jpg,69.97,89.16,94.99,2082,200,447,1435,179
18235,Calumet Farm 16 year Single Rack Black,750,106.0,53.0,Bourbon,769.0,200.0,images/18235.jpg,129.99,167.89,154.49,2072,226,612,1234,180
19720,Green River Wheated Sour Mash,750,90.0,45.0,Bourbon,3445.0,100041.0,images/19720.jpg,35.0,45.61,35.99,2054,204,506,1344,181
17213,Blue Run High Rye Bourbon,750,111.0,55.5,Bourbon,2820.0,1600.0,images/17213.jpg,97.47,140.59,109.99,2048,248,557,1243,182
15965,Penelope Bourbon Four Grain,750,80.0,40.0,Bourbon,2817.0,1120.0,images/15965.jpg,37.47,56.43,38.91,2045,198,511,1336,183
4588,Rowan's Creek 12 Year,750,,50.05,Bourbon,8524.0,200.0,images/4588.jpg,48.81,71.85,54.67,2031,170,479,1382,184
1736,Bulleit Bourbon Barrel Strength,750,119.4,59.7,Bourbon,415.0,200.0,images/1736.jpg,50.14,67.32,54.03,2030,223,262,1545,185
2159,Old Forester 100,750,100.0,50.0,Bourbon,152.0,200.0,images/2159.jpg,23.59,37.51,24.99,2017,221,487,1309,186
18396,Ben Holladay Bottled in Bond Bourbon,750,100.0,50.0,Bourbon,3647.0,100027.0,images/18396.jpg,59.98,75.46,67.99,2014,247,502,1265,187
17138,Remus Repeal Reserve V,750,100.0,50.0,Bourbon,586.0,1600.0,images/17138.jpg,90.0,241.09,149.99,2004,406,741,857,188
18712,Elijah Craig Barrel Proof Batch C922,750,125.0,62.5,Bourbon,2.0,1200.0,images/18712.jpg,69.97,107.5,79.99,1994,131,489,1374,189
184,Belle Meade Cask Strength Reserve Bourbon,750,108.0,54.0,Bourbon,154.0,200.0,images/184.jpg,56.69,92.34,73.42,1988,219,468,1301,190
859,Monkey Shoulder,750,86.0,43.0,Scotch,483.0,1900.0,images/859.jpg,33.89,51.34,37.26,1986,226,504,1256,191
286,Buffalo Trace Kosher Wheat 7 Year,750,,47.0,Bourbon,245.0,200.0,images/286.jpg,39.99,85.93,79.98,1984,276,566,1142,192
21466,James E. Pepper Barrel Proof Bourbon,750,105.4,52.7,Bourbon,550.0,100045.0,images/21466.jpg,64.99,80.06,72.48,1979,257,437,1285,193
19559,Redwood Empire Pipe Dream Cask Strength,750,117.0,58.5,Bourbon,445.0,100031.0,images/19559.jpg,70.0,103.14,75.89,1977,305,424,1248,194
17089,Woodford Reserve Master's Collection Batch Proof 128.3,750,128.0,64.0,Bourbon,2004.0,1960.0,images/17089.jpg,130.0,187.36,350.89,1973,779,603,591,195
3123,Jameson Irish Whiskey Triple Distilled,750,80.0,40.0,Irish Whiskey,214.0,1996.0,images/3123.jpg,28.69,33.53,37.24,1970,190,578,1202,196
3205,Rabbit Hole Dareringer Sherry Bourbon Cask,750,93.0,46.5,Bourbon,573.0,200.0,images/3205.jpg,71.45,111.06,94.89,1965,210,548,1207,197
3265,Crown Royal Salted Caramel,750,70.0,35.0,Canadian Whisky,182.0,100029.0,images/3265.jpg,28.14,51.64,30.11,1943,119,499,1325,198
3152,George Dickel Bottled in Bond Tennessee Whiskey 13 Year,750,100.0,50.0,Whiskey,486.0,1600.0,images/3152.jpg,40.3,66.26,79.98,1939,209,588,1142,199
18233,Elijah Craig Barrel Proof Batch B522,750,121.0,60.5,Bourbon,2.0,1200.0,images/18233.jpg,72.47,113.91,89.97,1938,127,436,1375,200
2331,Eagle Rare 10 Year,375,90.0,45.0,Bourbon,542.0,,images/2331.jpg,17.63,63.59,24.99,1919,126,524,1269,201
17293,Booker’s Bourbon 2021-04 Noe Strangers Batch,750,124.0,62.0,Bourbon,647.0,1800.0,images/17293.jpg,89.99,164.51,109.99,1914,239,615,1060,202
2086,Knob Creek Smoked Maple,750,90.0,45.0,Bourbon,189.0,200.0,images/2086.jpg,34.68,49.1,37.86,1904,116,463,1325,203
4575,"E.H. Taylor, Jr. 18 Year Marriage",750,,50.0,Bourbon,210.0,1700.0,images/4575.jpg,69.99,336.92,3189.98,1896,1395,464,37,204
17153,Maker's Mark 2021 Wood Finishing Series FAE-02,750,109.0,54.5,Bourbon,333.0,1900.0,images/17153.jpg,62.47,107.16,65.99,1895,348,527,1020,205
19790,Penelope Bourbon Cooper Series - Valencia,750,98.0,49.0,Bourbon,2817.0,100044.0,images/19790.jpg,89.99,108.79,79.99,1894,294,168,1432,206
2147,High West Campfire,750,92.0,46.0,Whiskey,350.0,90.0,images/2147.jpg,69.0,82.92,71.49,1885,148,460,1277,207
20831,Booker's Bourbon 2023-03 Mighty Fine Batch,750,122.0,61.0,Bourbon,647.0,,images/20831.jpg,89.99,156.5,137.67,1877,56,484,1337,208
17688,Old Forester Rye Barrel Strength Single Barrel,750,,64.05,Rye,152.0,200.0,images/17688.jpg,79.99,124.24,124.97,1877,226,502,1149,208
17894,Castle & Key Small Batch Bourbon,750,98.0,49.0,Bourbon,2983.0,600.0,images/17894.jpg,49.99,68.72,54.99,1874,185,487,1202,210
15967,Horse Soldier Bourbon,750,86.0,43.0,Bourbon,3188.0,1900.0,images/15967.jpg,53.47,77.69,53.58,1871,309,486,1076,211
17446,Penelope Bourbon Rosé Cask Finish,750,94.0,47.0,Bourbon,2817.0,200.0,images/17446.jpg,67.47,90.03,71.39,1859,121,402,1336,212
841,Peerless Bourbon Small Batch,750,107.0,53.5,Bourbon,163.0,100027.0,images/841.jpg,72.99,99.58,80.29,1858,189,433,1236,213
17211,Blue Note Juke Joint Whiskey Uncut Unfiltered,750,122.0,61.0,Bourbon,3068.0,200.0,images/17211.jpg,49.99,61.86,55.33,1852,215,320,1317,214
21010,Booker’s Bourbon 2023-04 - The Storyteller Batch,750,127.0,63.5,Bourbon,647.0,,images/21010.jpg,109.0,143.81,121.21,1845,54,450,1341,215
20005,"Booker's 7 Year ""Apprentice Batch"" - 2023",750,,62.75,Bourbon,647.0,200.0,images/20005.jpg,,105.83,114.39,1840,45,499,1296,216
2581,WhistlePig 6 Year Piggyback Rye,750,96.6,48.3,Rye,3549.0,200.0,images/2581.jpg,47.48,67.17,62.99,1840,129,450,1261,216
4783,Woodford Reserve Double Oaked,1000,90.4,45.2,Bourbon,2004.0,,images/4783.jpg,66.99,91.49,73.69,1839,174,530,1135,218
17054,Buffalo Trace Kosher Bourbon Rye Recipe,750,94.0,47.0,Bourbon,245.0,600.0,images/17054.jpg,39.99,109.08,128.37,1828,308,460,1060,219
4813,Maker's Mark 46 Cask Strength,750,110.0,55.0,Bourbon,333.0,200.0,images/4813.jpg,58.97,79.52,81.29,1817,308,468,1041,220
19151,Stagg - Batch #18,750,131.0,65.5,Bourbon,3640.0,200.0,images/19151.jpg,70.0,345.56,412.45,1815,87,584,1144,221
19975,Elijah Craig Barrel Proof Batch B523,750,124.0,62.0,Bourbon,2.0,200.0,images/19975.jpg,72.47,115.23,69.99,1808,50,388,1370,222
17355,Penelope Bourbon Barrel Strength Four Grain Batch 8,750,115.0,57.5,Bourbon,2817.0,1600.0,images/17355.jpg,64.99,85.25,74.49,1799,347,434,1018,223
17802,Stagg Jr. - Batch #17,750,128.7,64.35,Bourbon,3640.0,200.0,images/17802.jpg,53.3,228.07,389.27,1795,166,580,1049,224
48400,Stagg 24B,750,127.8,63.9,Bourbon,3640.0,100150.0,images/48400.jpg,,163.28,219.99,1781,425,514,842,225
3286,High West Double Rye,750,92.0,46.0,Rye,350.0,200.0,images/3286.jpg,37.38,44.45,40.8,1780,137,391,1252,226
18354,Booker’s Bourbon 2022-02 Lumberyard Batch,750,124.0,62.0,Bourbon,647.0,200.0,images/18354.jpg,89.99,175.74,192.34,1779,123,470,1186,227
17630,Kentucky Owl St. Patrick's Edition,750,,50.0,Bourbon,779.0,600.0,images/17630.jpg,134.98,157.56,149.0,1776,135,596,1045,228
1948,Old Forester Single Barrel 100 Proof,750,,50.0,Bourbon,5959.0,200.0,images/1948.jpg,71.63,135.44,219.99,1775,484,188,1103,229
3838,Joseph Magnus Straight Bourbon,750,100.0,50.0,Bourbon,443.0,200.0,images/3838.jpg,91.48,139.15,109.99,1758,206,527,1025,230
19879,Stagg - 22A,750,132.0,66.0,Bourbon,3640.0,200.0,images/19879.jpg,80.0,255.95,249.99,1751,114,541,1096,231
19819,Larceny Barrel Proof Batch B523,750,,62.2,Bourbon,587.0,200.0,images/19819.jpg,59.0,79.14,69.39,1740,62,446,1232,232
4033,Pikesville Rye Whiskey,750,110.0,55.0,Rye,8412.0,200.0,images/4033.jpg,50.87,70.52,55.66,1738,253,434,1051,233
3365,Jefferson’s Reserve Very Old Kentucky Straight Bourbon Very Small Batch,750,90.2,45.1,Bourbon,9035.0,80.0,images/3365.jpg,54.24,80.75,59.31,1737,150,384,1203,234
13955,Rabbit Hole Cavehill,750,95.0,47.5,Bourbon,573.0,200.0,images/13955.jpg,59.97,100.85,65.99,1722,133,474,1115,235
19502,Ben Holladay Soft Red Wheat Rickhouse Proof,750,120.1,60.05,Bourbon,3647.0,100061.0,images/19502.jpg,74.99,89.03,80.79,1719,331,333,1055,236
2019,Bulleit Bourbon 10 Year,750,91.2,45.6,Bourbon,415.0,200.0,images/2019.jpg,45.99,67.06,50.49,1714,192,432,1090,237
592,Lagavulin 16 Year,750,,43.0,Single Malt Scotch Whisky,392.0,200.0,images/592.jpg,102.22,119.13,114.42,1713,189,501,1023,238
3454,Elijah Craig Straight Rye Whiskey,750,94.0,47.0,Rye,2.0,200.0,images/3454.jpg,32.3,40.84,33.54,1710,92,427,1191,239
2034,Mellow Corn Bottled In Bond,750,100.0,50.0,Whiskey,2551.0,200.0,images/2034.jpg,17.51,25.37,18.09,1707,110,452,1145,240
17221,Redwood Empire Grizzly Beast Straight Bourbon Bottled in Bond,750,100.0,50.0,Bourbon,445.0,200.0,images/17221.jpg,79.99,105.9,117.59,1706,270,393,1043,241
18778,Remus Repeal Reserve VI,750,100.0,50.0,Bourbon,586.0,1980.0,images/18778.jpg,109.99,153.09,209.47,1704,261,498,945,242
4427,Old Forester 1870 Original Batch,750,90.0,45.0,Bourbon,152.0,100.0,images/4427.jpg,40.91,79.18,45.06,1675,236,369,1070,243
18768,Maker’s Mark 2022 Wood Finishing Series BRT-02,750,109.0,54.5,Bourbon,333.0,200.0,images/18768.jpg,62.47,109.33,59.99,1667,76,412,1179,244
17776,Green River Bourbon DSP-KY-10,750,90.0,45.0,Bourbon,3445.0,600.0,images/17776.jpg,34.99,47.06,34.99,1666,208,428,1030,245
19848,Blood Oath Pact No.9,750,98.0,49.0,Bourbon,849.0,1400.0,images/19848.jpg,134.97,273.22,248.4,1663,139,485,1039,246
3181,Yamazaki 12 Year,700,86.0,43.0,Japanese Whisky,238.0,200.0,images/3181.jpg,134.15,231.33,174.56,1661,234,550,877,247
3560,I.W. Harper 15 Year,750,,43.0,Bourbon,2532.0,200.0,images/3560.jpg,75.0,123.8,94.99,1659,188,542,929,248
4581,Basil Hayden's Dark Rye,750,80.0,40.0,Rye,330.0,80.0,images/4581.jpg,43.38,65.11,49.99,1650,128,371,1151,249
16674,Old Fitzgerald 16 Year,750,100.0,50.0,Bourbon,234.0,1999.0,images/16674.jpg,155.69,346.14,796.95,1642,1067,448,127,250
20574,Little Book Chapter 7: In Retrospect,750,118.0,59.0,Whiskey,823.0,,images/20574.jpg,159.98,227.42,170.0,1640,82,473,1085,251
19465,Larceny Barrel Proof A123,750,126.0,63.0,Bourbon,587.0,1600.0,images/19465.jpg,59.99,96.48,93.64,1629,122,416,1091,252
19529,Stagg Batch 22B,750,,65.0,Bourbon,8803.0,200.0,images/19529.jpg,55.0,270.44,293.49,1618,65,508,1045,253
18185,Jack Daniel’s Triple Mash,700,100.0,50.0,Whiskey,231.0,,images/18185.jpg,36.48,46.87,59.99,1617,81,403,1133,254
17181,Booker’s Bourbon 2021-03 Bardstown Batch,750,127.0,63.5,Bourbon,647.0,200.0,images/17181.jpg,89.99,166.78,229.99,1615,141,530,944,255
18517,Little Book Chapter 6: To The Finish,750,117.4,58.7,Bourbon,823.0,200.0,images/18517.jpg,124.97,249.86,191.35,1613,100,473,1040,256
21024,Stagg 127.8 Proof,750,,63.9,Bourbon,3640.0,,images/21024.jpg,60.0,168.23,259.78,1604,72,407,1125,257
3793,High West American Prairie Bourbon,750,92.0,46.0,Bourbon,350.0,100.0,images/3793.jpg,36.82,57.5,40.8,1597,157,358,1082,258
17246,Benchmark Top Floor,750,86.0,43.0,Bourbon,3330.0,200.0,images/17246.jpg,17.47,24.94,17.89,1571,130,338,1103,259
18355,Smoke Wagon Uncut the Younger,750,115.0,57.5,Bourbon,2808.0,200.0,images/18355.jpg,46.99,65.5,51.69,1563,90,360,1113,260
16693,Hibiki Japanese Harmony,750,,43.0,Blended Whisky,484.0,600.0,images/16693.jpg,87.47,112.22,92.0,1558,183,406,969,261
18767,Maker’s Mark 2022 Wood Finishing Series BRT-01,750,109.0,54.5,Bourbon,333.0,200.0,images/18767.jpg,62.47,99.03,59.99,1556,66,385,1105,262
2428,Bib & Tucker 6 Year Small Batch Bourbon,750,92.0,46.0,Bourbon,799.0,200.0,images/2428.jpg,51.08,82.62,56.99,1537,134,411,992,263
14239,Ezra Brooks Cask Strength,750,120.0,60.0,Bourbon,324.0,200.0,images/14239.jpg,52.46,75.43,53.46,1528,76,382,1070,264
17151,Rebel Cask Strength Single Barrel,750,120.0,60.0,Bourbon,3237.0,200.0,images/17151.jpg,55.97,73.03,63.49,1525,107,356,1062,265
19540,Bardstown Origin Series Bourbon,750,96.0,48.0,Bourbon,778.0,200.0,images/19540.jpg,46.64,63.05,48.49,1518,165,296,1057,266
13347,Sagamore Spirit Rye Double Oak,750,96.6,48.3,Rye,3440.0,200.0,images/13347.jpg,59.97,73.96,64.19,1518,208,316,994,266
16367,Kirkland Signature Bottled-in-Bond Bourbon Barton 1792,1000,100.0,50.0,Bourbon,1118.0,100030.0,images/16367.jpg,36.0,52.41,31.39,1514,81,326,1107,268
17309,Elijah Craig Barrel Proof Batch C921,750,120.0,60.0,Bourbon,2.0,1200.0,images/17309.jpg,69.97,109.18,79.99,1504,115,386,1003,269
16893,Bardstown Fusion Series No. 5,750,95.0,47.5,Bourbon,778.0,1980.0,images/16893.jpg,59.99,87.89,65.99,1497,290,458,749,270
19779,Evan Williams Single Barrel Vintage 2015,750,87.0,43.5,Bourbon,167.0,100030.0,images/19779.jpg,55.0,60.7,40.04,1497,103,330,1064,270
17164,Widow Jane Lucky Thirteen,750,99.0,49.5,Bourbon,295.0,200.0,images/17164.jpg,90.0,132.77,126.83,1489,185,434,870,272
50056,George T Stagg - 2024,750,136.1,68.05,Bourbon,352.0,100131.0,images/50056.jpg,150.0,486.09,977.78,1475,596,445,434,273
3000,Uncle Nearest 1884 Small Batch,750,90.0,45.0,Whiskey,567.0,1800.0,images/3000.jpg,46.1,56.18,50.39,1465,158,392,915,274
34570,Green River Full Proof,750,117.3,58.65,Bourbon,3445.0,100049.0,images/34570.jpg,50.0,67.46,52.82,1459,272,266,921,275
2329,Buffalo Trace White Dog Mash 1,375,125.0,62.5,Whiskey,245.0,40.0,images/2329.jpg,16.65,20.66,19.44,1448,79,289,1080,276
3086,Baker's 13 Year Single Barrel,750,,53.5,Bourbon,288.0,100037.0,images/3086.jpg,100.0,209.73,292.32,1443,391,386,666,277
1580,Colonel E.H. Taylor Amaranth,750,100.0,50.0,Bourbon,210.0,1700.0,images/1580.jpg,68.03,210.62,1829.59,1442,1054,332,56,278
297,Old Elk Blended Straight Bourbon,750,88.0,44.0,Bourbon,252.0,200.0,images/297.jpg,52.0,55.34,52.82,1441,132,261,1048,279
3867,Blanton's,50,93.0,46.5,Bourbon,10.0,,images/3867.jpg,8.81,18.72,44.19,1439,106,372,961,280
1547,Johnnie Walker Blue Label,750,80.0,40.0,Scotch,213.0,94.0,images/1547.jpg,222.18,271.87,230.72,1429,136,401,892,281
18104,Weller 12 Year 1 Liter,1000,,45.0,Bourbon,156.0,,images/18104.jpg,54.47,177.5,379.66,1419,170,468,781,282
17177,Wilderness Trail Small Batch Bourbon,750,,50.0,Bourbon,521.0,200.0,images/17177.jpg,62.99,84.41,63.33,1409,144,358,907,283
2256,Buffalo Trace,375,90.0,45.0,Bourbon,245.0,80.0,images/2256.jpg,14.27,21.5,21.47,1409,57,319,1033,283
521,Legent Bourbon Whiskey,750,94.0,47.0,Bourbon,4589.0,200.0,images/521.jpg,44.97,45.53,47.19,1390,127,373,890,285
20607,Penelope Rio Batch 2,750,98.0,49.0,Bourbon,2817.0,100027.0,images/20607.jpg,94.98,125.18,104.79,1385,355,376,654,286
19499,Booker’s 2023-01 Charlie’s Batch,750,127.0,63.5,Bourbon,647.0,200.0,images/19499.jpg,89.99,110.34,100.59,1384,38,376,970,287
4476,Michter's Toasted Barrel Strength Rye Whiskey,750,120.0,60.0,Rye,405.0,200.0,images/4476.jpg,62.66,93.42,138.83,1384,442,434,508,287
12902,Calumet Farm 14 Year,750,96.2,48.1,Bourbon,769.0,1800.0,images/12902.jpg,119.96,138.54,133.32,1379,304,411,664,289
18939,Booker's Bourbon 2022-03 Kentucky Tea Batch,750,127.0,63.5,Bourbon,647.0,200.0,images/18939.jpg,85.59,122.33,204.87,1379,57,354,968,289
19851,Maker’s Mark French Oaked No. 46 Cask Strength 23-01,750,110.0,55.0,Bourbon,333.0,200.0,images/19851.jpg,65.0,67.83,76.33,1359,70,364,925,291
18084,Blue Run 13 Year Old,750,95.0,47.5,Bourbon,2820.0,200.0,images/18084.jpg,88.31,212.62,319.49,1354,97,354,903,292
18718,WhistlePig 6 Year Piggyback Bourbon,750,100.0,50.0,Bourbon,3549.0,200.0,images/18718.jpg,49.97,77.54,52.82,1352,82,318,952,293
281,Jefferson's Ocean Aged At Sea Voyage 17,750,90.0,45.0,Bourbon,232.0,200.0,images/281.jpg,50.24,64.63,56.27,1344,275,34,1035,294
2311,Redwood Empire Emerald Giant,750,90.0,45.0,Rye,445.0,200.0,images/2311.jpg,40.64,44.2,41.96,1343,136,325,882,295
33325,Elijah Craig Barrel Proof - Batch B524,750,130.6,65.3,Bourbon,2.0,100038.0,images/33325.jpg,69.95,104.97,82.79,1325,115,263,947,296
3617,Blue Note Bourbon,750,93.0,46.5,Bourbon,3068.0,200.0,images/3617.jpg,49.99,59.33,37.99,1315,179,338,798,297
12112,Fortaleza Blanco Tequila,750,80.0,40.0,Tequila,1708.0,100035.0,images/12112.jpg,48.41,89.15,53.81,1315,155,344,816,297
19816,Russell's Reserve Bourbon Single Rickhouse,750,112.0,56.0,Bourbon,496.0,100070.0,images/19816.jpg,250.0,354.85,650.0,1306,808,280,218,299
19546,Wild Turkey 12 Year,700,,50.5,Bourbon,191.0,100110.0,images/19546.jpg,199.99,217.7,158.0,1295,440,270,585,300
3281,Benchmark No. 8,750,80.0,40.0,Bourbon,3330.0,100.0,images/3281.jpg,11.13,12.66,11.65,1279,81,333,865,301
17299,Frey Ranch Bourbon,750,90.0,45.0,Bourbon,3285.0,200.0,images/17299.jpg,49.99,63.6,51.56,1271,201,285,785,302
44955,Bardstown Origin Series Wheated Bourbon,750,106.0,53.0,Bourbon,778.0,100059.0,images/44955.jpg,49.99,66.26,53.99,1269,255,225,789,303
21291,Old Fitzgerald 8 Year - Fall 2023,750,100.0,50.0,Bourbon,234.0,1980.0,images/21291.jpg,109.97,208.75,417.64,1263,516,324,423,304
16486,New Riff Bourbon Single Barrel Barrel Proof,750,110.0,55.0,Bourbon,254.0,200.0,images/16486.jpg,55.14,67.62,61.66,1260,118,265,877,305
15987,Alberta Premium Cask Strength,750,132.0,66.0,Rye,2824.0,1980.0,images/15987.jpg,72.45,83.16,78.7,1252,196,457,599,306
1584,Chicken Cock Straight Bourbon,750,90.0,45.0,Bourbon,664.0,200.0,images/1584.jpg,61.47,80.01,64.65,1251,98,327,826,307
17040,Horse Soldier Barrel Strength,750,115.0,57.5,Bourbon,3188.0,600.0,images/17040.jpg,85.97,97.49,89.13,1241,152,333,756,308
17328,Elmer T Lee Commemorative Edition,750,93.0,46.5,Bourbon,700.0,1960.0,images/17328.jpg,49.99,558.36,2044.82,1241,646,566,29,308
28079,Elmer T. Lee Sour Mash,750,,45.0,Bourbon,700.0,100070.0,images/28079.jpg,39.99,104.95,299.85,1240,274,295,671,310
17925,Basil Hayden Subtle Smoke,750,80.0,40.0,Bourbon,330.0,1400.0,images/17925.jpg,52.47,65.03,60.99,1239,129,302,808,311
13667,Barrell Dovetail,750,125.2,62.6,Whiskey,146.0,200.0,images/13667.jpg,87.46,89.05,87.66,1234,132,349,753,312
17924,Heaven Hill 17 Year Heritage Collection 2022 Release,750,118.0,59.0,Bourbon,430.0,1600.0,images/17924.jpg,274.99,646.78,1615.71,1230,510,501,219,313
27454,Woodford Reserve Master's Collection Batch Proof 121.2,700,121.2,60.6,Bourbon,2004.0,100036.0,images/27454.jpg,129.99,190.52,159.99,1227,126,154,947,314
19807,Stagg - 23A,750,130.0,65.0,Bourbon,3640.0,200.0,images/19807.jpg,69.99,170.8,271.65,1225,85,377,763,315
17542,Rebel 10 Year Single Barrel,750,100.0,50.0,Bourbon,3237.0,200.0,images/17542.jpg,74.25,131.05,106.13,1222,159,350,713,316
16602,Sam Houston Bourbon 15 Year,750,103.0,51.5,Bourbon,499.0,200.0,images/16602.jpg,129.99,140.0,138.33,1218,142,472,604,317
17319,Benchmark Select Casks Small Batch,750,90.0,45.0,Bourbon,3330.0,200.0,images/17319.jpg,17.47,23.24,21.24,1213,131,238,844,318
147,Four Roses Bourbon,750,80.0,40.0,Bourbon,148.0,100.0,images/147.jpg,22.42,28.02,26.8,1213,121,310,782,318
2316,Old Elk Wheated Bourbon,750,92.0,46.0,Bourbon,252.0,200.0,images/2316.jpg,67.2,67.83,69.72,1207,180,297,730,320
18075,Larceny Barrel Proof Batch A122,750,,62.2,Bourbon,587.0,1580.0,images/18075.jpg,49.99,54.3,67.24,1200,152,317,731,321
17921,Old Fitzgerald 17 Year,750,100.0,50.0,Bourbon,234.0,1000.0,images/17921.jpg,109.99,350.74,1072.98,1197,518,397,282,322
16680,Evan Williams 12 Year Red Label,750,101.0,50.5,Bourbon,167.0,200.0,images/16680.jpg,130.0,156.12,165.74,1191,167,386,638,323
542,Green Spot,750,80.0,40.0,Irish Whiskey,379.0,200.0,images/542.jpg,66.19,75.21,69.16,1183,154,274,755,325
16791,Colonel E.H. Taylor Warehouse C,750,100.0,50.0,Bourbon,210.0,200.0,images/16791.jpg,73.97,475.05,1645.42,1180,528,553,99,326
21257,Colonel E.H. Taylor Barrel Proof Batch 12,750,131.0,65.5,Bourbon,210.0,,images/21257.jpg,78.97,240.29,481.32,1172,151,319,702,327
3040,Suntory Toki Japanese Whiskey,750,86.0,43.0,Japanese Whisky,855.0,200.0,images/3040.jpg,35.36,53.67,38.56,1169,145,75,949,328
48189,Larceny Barrel Proof C924,750,125.1,62.55,Bourbon,587.0,100087.0,images/48189.jpg,64.99,92.46,67.33,1169,130,260,779,328
4838,Jack Daniel's Single Barrel Rye,750,94.0,47.0,Rye,231.0,200.0,images/4838.jpg,48.86,63.18,61.9,1168,111,275,782,330
20014,Woodford Reserve Master’s Collection Batch Proof 124.7,750,124.0,62.0,Bourbon,2004.0,200.0,images/20014.jpg,139.97,161.8,156.07,1154,55,324,775,331
2697,Johnny Drum Private Stock 15 Year,750,,50.5,Bourbon,7042.0,200.0,images/2697.jpg,42.03,48.01,44.83,1151,88,290,773,332
4414,Redbreast 12 Year Cask Strength,750,115.4,57.7,Irish Whiskey,646.0,200.0,images/4414.jpg,83.17,108.44,94.09,1135,204,332,599,333
17214,Horse Soldier Small Batch,750,95.0,47.5,Bourbon,3188.0,800.0,images/17214.jpg,71.73,76.79,74.56,1132,161,271,700,334
1142,Buffalo Trace Kosher Rye 7 Year,750,,47.0,Rye,245.0,1700.0,images/1142.jpg,39.99,60.59,71.99,1131,276,339,516,335
21036,Bardstown Discovery Series No. 11,750,118.1,59.05,Bourbon,778.0,,images/21036.jpg,139.97,166.47,142.49,1130,152,251,727,336
4083,Laphroaig 10 Year,750,86.0,43.0,Scotch,284.0,1980.0,images/4083.jpg,54.82,72.25,64.47,1129,206,308,615,337
25363,Woodford Reserve Derby 150 2024 Release,1000,,45.2,Bourbon,2004.0,100035.0,images/25363.jpg,54.99,92.12,67.59,1128,46,122,960,338
3142,Old Forester Rye,750,100.0,50.0,Rye,152.0,200.0,images/3142.jpg,24.85,26.75,26.41,1125,130,267,728,339
18228,Larceny Barrel Proof Batch B522,750,,61.9,Bourbon,587.0,200.0,images/18228.jpg,59.99,70.21,69.99,1120,54,280,786,340
17223,Blanton's Special Reserve,700,80.0,40.0,Bourbon,10.0,,images/17223.jpg,49.99,95.02,169.13,1119,352,298,469,341
1388,Gentleman Jack,750,80.0,40.0,Whiskey,231.0,62.0,images/1388.jpg,31.09,35.46,32.95,1116,63,239,814,342
634,Murray Hill Club Bourbon,750,103.0,51.5,Bourbon,406.0,200.0,images/634.jpg,107.48,116.01,115.32,1115,97,323,695,343
40819,Eagle Rare,750,90.0,45.0,Bourbon,542.0,100104.0,images/40819.jpg,42.99,70.06,69.78,1115,149,219,747,343
269,Old Fitzgerald 13 Year,750,100.0,50.0,Bourbon,234.0,1700.0,images/269.jpg,132.48,270.86,624.66,1114,816,199,99,345
34488,Little Book Chapter 8: Path Not Taken,750,118.2,59.1,Whiskey,823.0,100044.0,images/34488.jpg,160.0,220.57,210.82,1108,125,216,767,346
48300,Elijah Craig Barrel Proof C924,750,129.0,64.5,Bourbon,2.0,100051.0,images/48300.jpg,75.0,94.76,76.99,1107,116,186,805,347
23515,Four Roses Single Barrel,750,,50.0,Bourbon,148.0,100079.0,images/23515.jpg,45.99,62.71,48.29,1105,139,198,768,348
16679,Heaven Hill Old Style Bourbon 6 Year,750,90.0,45.0,Bourbon,430.0,1960.0,images/16679.jpg,12.99,44.67,39.99,1099,231,350,518,349
2685,Blackened,750,90.0,45.0,Whiskey,822.0,200.0,images/2685.jpg,49.22,52.69,51.16,1098,84,285,729,350
13361,Brother's Bond Bourbon,750,80.0,40.0,Bourbon,1876.0,200.0,images/13361.jpg,39.39,50.59,42.13,1098,84,309,705,350
5155,Rittenhouse Rye,750,100.0,50.0,Rye,858.0,200.0,images/5155.jpg,24.95,34.88,27.59,1095,92,267,736,352
5196,High West Bourye,750,92.0,46.0,Whiskey,350.0,80.0,images/5196.jpg,80.58,86.76,85.66,1095,218,303,574,352
42342,Heaven Hill Grain to Glass Kentucky Straight Bourbon Whiskey,750,107.0,53.5,,,,images/42342.jpg,99.99,107.43,132.73,1105,163,36,906,353
1807,Woodford Reserve Wheat,750,90.4,45.2,Rye,2004.0,200.0,images/1807.jpg,37.98,45.24,37.99,1094,81,272,741,354
18004,Orphan Barrel Fabel and Folly,750,90.0,45.0,Whiskey,261.0,200.0,images/18004.jpg,149.97,207.06,168.99,1094,92,386,616,354
1066,Jack Daniel's No. 27 Gold Maple Wood Finish,750,80.0,40.0,Whiskey,231.0,200.0,images/1066.jpg,95.75,130.03,175.65,1090,78,347,665,356
3518,Russell's Reserve Single Barrel Rye,750,104.0,52.0,Rye,496.0,200.0,images/3518.jpg,64.66,78.84,70.82,1090,132,251,707,356
786,Bulleit 95 Rye,750,90.0,45.0,Rye,415.0,200.0,images/786.jpg,28.97,39.08,49.82,1080,88,239,753,358
678,WhistlePig 12 Year Old World,750,86.0,43.0,Rye,3549.0,200.0,images/678.jpg,124.99,152.67,159.15,1077,131,285,661,359
16796,Crown Royal XR Extra Rare 18 Year,750,80.0,40.0,Canadian Whisky,182.0,200.0,images/16796.jpg,137.47,176.59,147.06,1077,84,381,612,359
4510,Jefferson's Kentucky Straight Bourbon Whiskey Very Small Batch,750,82.0,41.0,Bourbon,232.0,200.0,images/4510.jpg,34.47,56.61,36.37,1075,58,284,733,361
46500,Angel’s Envy Triple Oak,750,92.0,46.0,Bourbon,96.0,100048.0,images/46500.jpg,75.0,90.39,71.98,1074,106,251,717,362
16485,Lux Row Limited Edition Whiskey 12 Year,750,118.0,59.0,Whiskey,10099.0,1980.0,images/16485.jpg,149.99,237.28,499.16,1073,245,405,423,363
2287,Nikka Whisky From The Barrel,500,102.8,51.4,Whiskey,378.0,1880.0,images/2287.jpg,69.95,75.03,73.26,1072,180,289,603,364
11035,Tito's Handmade Vodka,750,80.0,40.0,Vodka,1541.0,1860.0,images/11035.jpg,19.64,22.79,22.18,1070,87,304,679,365
19556,Kentucky Owl Takumi Edition,750,100.0,50.0,Bourbon,779.0,1800.0,images/19556.jpg,142.48,145.32,147.18,1070,61,314,695,365
1130,WhistlePig 10 Year Straight Rye,750,100.0,50.0,Rye,3549.0,200.0,images/1130.jpg,82.45,96.44,95.97,1065,115,295,655,367
18883,Barrell Vantage,750,114.0,57.0,Whiskey,146.0,200.0,images/18883.jpg,87.46,95.43,91.49,1060,99,275,686,368
2363,W.B. Saffell,375,,53.5,Bourbon,191.0,,images/2363.jpg,49.97,59.47,58.14,1059,82,279,698,369
18708,High West Midwinter Nights Dram Act 10 Scene 1: The Encore,750,99.0,49.5,Rye,350.0,200.0,images/18708.jpg,150.0,155.83,173.32,1052,107,374,571,370
17063,Yellowstone Limited Edition 2021,750,101.0,50.5,Bourbon,272.0,600.0,images/17063.jpg,99.99,118.49,173.99,1050,211,395,444,371
4857,Bernheim Original Kentucky Straight Wheat Whiskey,750,90.0,45.0,Whiskey,916.0,1700.0,images/4857.jpg,29.9,38.72,40.32,1047,120,275,652,372
2028,Jack Daniel's Single Barrel Eric Church,750,94.0,47.0,Whiskey,231.0,1800.0,images/2028.jpg,54.97,133.4,329.82,1046,286,350,410,373
993,High West Rendezvous Rye,750,92.0,46.0,Rye,350.0,200.0,images/993.jpg,68.7,74.45,74.85,1046,107,284,655,373
18110,Evan Williams Single Barrel Vintage 2012,750,86.6,43.3,Bourbon,167.0,600.0,images/18110.jpg,28.75,35.19,39.02,1046,174,257,615,373
19594,Thirteenth Colony Distilleries Southern Bourbon Whiskey,750,95.0,47.5,Bourbon,25.0,200.0,images/19594.jpg,35.0,47.72,46.19,1045,85,280,680,376
2753,WhistlePig 10 Year Single Barrel,750,117.8,58.9,Rye,3549.0,200.0,images/2753.jpg,88.94,106.16,111.08,1037,124,235,678,377
2973,Knob Creek Rye,750,100.0,50.0,Rye,189.0,200.0,images/2973.jpg,34.38,41.77,37.16,1035,81,240,714,378
2592,Barrell Bourbon Single Barrel,750,120.0,60.0,Bourbon,146.0,1980.0,images/2592.jpg,98.56,107.76,110.39,1034,329,313,392,379
41054,Heaven Hill: Grain to Glass - Wheated Bourbon,750,121.0,60.5,Bourbon,430.0,100051.0,images/41054.jpg,99.0,118.93,178.73,1031,215,253,563,380
858,Ezra Brooks Distiller's Collection,750,107.0,53.5,Bourbon,324.0,200.0,images/858.jpg,38.31,41.54,41.82,1030,50,257,723,381
17158,Blue Note Crossroads,750,100.0,50.0,Bourbon,3068.0,200.0,images/17158.jpg,40.99,55.93,44.16,1030,94,285,651,381
651,Willett Pot Still Reserve Bourbon,1750,94.0,47.0,Bourbon,2986.0,,images/651.jpg,112.49,134.22,113.29,1028,63,312,653,383
5029,Noble Oak Double Oak Bourbon,750,90.0,45.0,Bourbon,507.0,200.0,images/5029.jpg,33.11,40.52,34.39,1027,82,302,643,384
20575,Old Fitzgerald 10 Year,750,100.0,50.0,Bourbon,234.0,,images/20575.jpg,144.98,221.85,354.82,1027,132,371,524,384
2833,Basil Hayden's Bourbon,375,80.0,40.0,Bourbon,330.0,80.0,images/2833.jpg,21.92,41.74,24.05,1024,63,292,669,386
4709,Woodinville Straight Bourbon,750,90.0,45.0,Bourbon,556.0,200.0,images/4709.jpg,39.17,58.44,57.15,1021,104,250,667,387
32083,Blood Oath Pact No. 10,750,,49.3,Bourbon,849.0,100046.0,images/32083.jpg,129.99,211.55,196.32,1018,114,197,707,388
18138,Booker's Bourbon 2022-01 Ronnie’s Batch,750,124.0,62.0,Bourbon,647.0,200.0,images/18138.jpg,89.99,116.24,194.99,1009,60,247,702,389
17611,Widow Jane The Vaults 15 Year,750,99.0,49.5,Bourbon,295.0,1800.0,images/17611.jpg,224.98,294.52,258.16,1000,379,260,361,390
27160,Larceny Barrel Proof A124,750,124.2,62.1,Bourbon,587.0,100028.0,images/27160.jpg,59.99,84.69,79.16,1000,41,89,870,390
53003,Stagg 24C,750,128.9,64.45,,,,images/53003.jpg,65.0,242.72,816.33,1026,128,343,555,390
19883,Evan Williams Bottled in Bond Green Label,750,100.0,50.0,Bourbon,167.0,200.0,images/19883.jpg,15.0,28.09,19.99,996,89,246,661,392
17905,Angel's Envy Rye Caribbean Rum Cask,750,100.0,50.0,Rye,96.0,200.0,images/17905.jpg,74.99,101.29,95.99,995,109,255,631,393
18440,Heaven’s Door Decade Series 10 Year Release 1,750,100.0,50.0,Bourbon,299.0,200.0,images/18440.jpg,99.0,98.96,98.85,995,55,267,673,393
2192,Sazerac Rye 18 Year,750,90.0,45.0,Rye,705.0,100.0,images/2192.jpg,104.13,532.86,1907.83,994,556,270,168,395
726,Macallan 12 Year Double Cask,750,86.0,43.0,Scotch,275.0,200.0,images/726.jpg,64.77,92.88,78.49,993,86,267,640,396
4789,Rabbit Hole Heigold,750,95.0,47.5,Bourbon,573.0,200.0,images/4789.jpg,62.47,68.6,66.99,988,97,254,637,397
18521,Frank August Small Batch Bourbon,750,100.0,50.0,Bourbon,3794.0,200.0,images/18521.jpg,68.99,95.06,77.16,986,113,247,626,398
16248,Kirkland Signature Small Batch,1000,92.0,46.0,Bourbon,1118.0,,images/16248.jpg,27.99,29.38,33.55,985,30,200,755,399
27294,Booker’s  Springfield Batch 2024-01,750,124.5,62.25,Bourbon,647.0,100028.0,images/27294.jpg,90.0,121.89,116.19,984,49,127,808,400
20206,Larceny Small Batch,750,,46.0,Bourbon,587.0,,images/20206.jpg,27.49,38.99,31.99,984,33,277,674,400
3616,Skrewball Peanut Butter Whiskey,750,70.0,35.0,Whiskey,719.0,200.0,images/3616.jpg,29.77,38.96,34.11,984,45,216,723,400
39325,"Booker's 7 Year ""The Beam House Batch"" - 2024",750,,62.3,Bourbon,647.0,100033.0,images/39325.jpg,95.99,131.16,189.99,980,92,52,836,403
17378,Elijah Craig Barrel Proof Batch B521,750,118.0,59.0,Bourbon,2.0,1200.0,images/17378.jpg,69.97,83.14,122.66,980,82,232,666,403
4496,Jefferson's Reserve Twin Oak Barrel,750,90.2,45.1,Bourbon,9035.0,200.0,images/4496.jpg,78.83,97.71,91.66,974,96,248,630,405
19147,Jack Daniel’s Twice Barreled Special Release 2022 American Single Malt Finished in Oloroso Sherry Casks,750,107.3,53.65,Whiskey,231.0,200.0,images/19147.jpg,70.0,113.08,242.32,973,165,261,547,406
48295,Booker’s Bourbon 2024-03,750,130.3,65.15,Bourbon,647.0,100038.0,images/48295.jpg,99.99,135.62,114.99,973,86,193,694,406
39943,Heaven Hill Grain to Glass-Rye,750,123.2,61.6,Whiskey,430.0,100051.0,images/39943.jpg,99.0,106.43,128.73,969,102,228,639,408
16050,Garrison Brothers Balmorhea Bourbon,750,115.0,57.5,Bourbon,3880.0,200.0,images/16050.jpg,168.16,186.15,185.83,969,125,296,548,408
567,Woodford Reserve Rye,750,90.4,45.2,Rye,2004.0,200.0,images/567.jpg,36.34,51.17,43.92,967,59,213,695,410
49176,Penelope Estate Collection Private Select 9 Year,750,101.2,50.6,Bourbon,2817.0,100069.0,images/49176.jpg,79.99,122.17,179.99,967,173,182,612,410
14303,Elijah Craig Barrel Proof Batch C917,750,131.0,65.5,Bourbon,2.0,1200.0,images/14303.jpg,62.48,98.07,89.99,964,281,337,346,412
13891,Blue Spot 7 Year Batch 3,700,,58.9,Whisky,8935.0,1800.0,images/13891.jpg,109.99,152.28,304.49,962,178,355,429,413
17399,Elijah Craig Barrel Proof Batch A121,750,124.0,62.0,Bourbon,2.0,1200.0,images/17399.jpg,69.97,86.86,117.86,958,110,246,602,414
1286,Shenk's Homestead Sour Mash Whiskey 2022 Release,750,91.0,45.5,Whiskey,3854.0,200.0,images/1286.jpg,99.97,121.62,186.56,957,123,331,503,415
3208,The Balvenie Double Wood 12 year,750,,43.0,Single Malt Scotch Whisky,337.0,200.0,images/3208.jpg,65.96,85.27,72.28,957,119,237,601,415
17862,Evan Williams Single Barrel Vintage 2013,750,86.6,43.3,Bourbon,167.0,600.0,images/17862.jpg,28.75,33.13,46.25,956,95,204,657,417
17064,Jack Daniel's Bottled in Bond,1000,100.0,50.0,Whiskey,231.0,600.0,images/17064.jpg,37.99,56.2,98.11,954,107,295,552,418
1786,Knob Creek Single Barrel Rye,750,115.0,57.5,Rye,189.0,200.0,images/1786.jpg,54.77,79.14,58.82,954,39,221,694,418
11663,Clase Azul Reposado,750,80.0,40.0,Tequila,1344.0,200.0,images/11663.jpg,122.7,194.98,181.7,952,110,299,543,420
20692,Maker's Mark Cellar Aged 2023 Release,750,115.0,57.5,Bourbon,333.0,,images/20692.jpg,159.98,225.15,458.16,952,263,332,357,420
17101,"Booker's 6 Year ""Tagalong Batch"" - 2021",750,,63.95,Bourbon,647.0,200.0,images/17101.jpg,90.0,126.1,205.83,950,93,256,601,422
16879,Still Austin Bourbon The Musician,750,98.0,49.0,Bourbon,3145.0,600.0,images/16879.jpg,45.99,62.7,57.24,947,139,227,581,423
43333,Shenks Homstead Sour Mash Whiskey - 2024 Release,750,91.2,45.6,Whiskey,3854.0,100034.0,images/43333.jpg,169.0,224.96,209.99,947,118,194,635,423
12408,Don Julio 1942,750,,40.0,Tequila,1592.0,200.0,images/12408.jpg,142.46,190.43,175.96,944,96,292,556,425
13979,Old Fitzgerald 14 Year - Fall 2020,750,100.0,50.0,Bourbon,234.0,1700.0,images/13979.jpg,132.48,252.23,611.49,935,585,212,138,426
3097,Elijah Craig 23 Year Single Barrel,750,90.0,45.0,Bourbon,2.0,1700.0,images/3097.jpg,199.98,476.63,1304.99,930,665,220,45,427
4622,Hibiki Harmony,750,86.0,43.0,Whiskey,484.0,200.0,images/4622.jpg,79.99,101.34,94.42,930,127,257,546,427
16502,George Remus Straight Bourbon Whiskey,750,94.0,47.0,Bourbon,586.0,200.0,images/16502.jpg,39.96,44.94,40.1,930,95,257,578,427
413,Evan Williams Black Label,750,86.0,43.0,Bourbon,167.0,10000.0,images/413.jpg,13.98,18.38,16.66,929,99,478,352,430
3956,Belle Meade Bourbon,750,90.4,45.2,Bourbon,154.0,100.0,images/3956.jpg,48.72,51.57,60.13,927,99,218,610,431
20813,2XO American Oak Oak Series Kentucky Straight Bourbon,750,92.0,46.0,Bourbon,4542.0,,images/20813.jpg,49.96,64.42,50.66,923,47,257,619,432
1693,Very Old Barton 6 Year 100 Proof,750,100.0,50.0,Bourbon,250.0,200.0,images/1693.jpg,13.95,16.98,18.58,917,101,204,612,433
1753,Chattanooga Whiskey Experimental Single Barrel 75,750,102.0,51.0,Bourbon,3436.0,1700.0,images/1753.jpg,48.99,49.34,50.39,917,179,267,471,433
18439,Four Roses Single Barrel Barrel Proof OESV,750,110.0,55.0,Bourbon,148.0,200.0,images/18439.jpg,80.0,123.39,201.83,910,94,178,638,435
17547,Larceny Barrel Proof Batch C921,750,,61.3,Bourbon,587.0,200.0,images/17547.jpg,49.99,64.12,106.49,894,69,246,579,436
46347,Jack Daniel's Coy Hill Barrelhouse 8 2024 Special Release Single Barrel Whiskey,750,135.0,67.5,Whiskey,231.0,100062.0,images/46347.jpg,79.99,252.21,549.99,893,381,222,290,437
19658,Old Elk Cigar Cut,750,110.6,55.3,Bourbon,252.0,0.0,images/19658.jpg,124.98,137.21,142.83,891,92,288,511,438
1730,Old Fitzgerald 15 Year,750,100.0,50.0,Bourbon,234.0,1700.0,images/1730.jpg,149.97,290.14,583.0,888,651,158,79,439
2419,Crown Royal Regal Apple,750,70.0,35.0,Canadian Whisky,182.0,1700.0,images/2419.jpg,26.7,32.37,28.66,888,55,191,642,439
6462,Hendrick's Gin,750,88.0,44.0,Gins,1074.0,1996.0,images/6462.jpg,37.97,40.56,39.13,884,116,310,458,441
15345,King Of Kentucky,750,125.8,62.9,Whiskey,6734.0,200.0,images/15345.jpg,249.99,386.68,407.08,878,426,357,95,442
2670,Michter's Limited Release Toasted Barrel Strength,750,110.0,55.0,Bourbon,405.0,200.0,images/2670.jpg,79.15,146.87,339.85,877,360,234,283,443
4859,Tincup American Whiskey 10 Year,750,84.0,42.0,Whiskey,731.0,200.0,images/4859.jpg,52.46,66.55,53.49,873,110,205,558,444
145,Barrell Bourbon Infinite Barrel Project,750,130.0,65.0,Bourbon,146.0,1980.0,images/145.jpg,64.41,67.63,77.28,872,258,315,299,445
4864,Glenfiddich Single Malt Scotch Whiskey 12 Years,750,80.0,40.0,Scotch,335.0,1980.0,images/4864.jpg,49.59,59.28,50.28,868,151,221,496,446
19569,Redwood Empire Lost Monarch Cask Strength,750,117.0,58.5,Whiskey,445.0,200.0,images/19569.jpg,70.0,86.22,79.58,867,116,174,577,447
17420,Elijah Craig 1991 20 Year Single Barrel #42,750,,45.0,Bourbon,2.0,1960.0,images/17420.jpg,159.99,831.74,2846.99,864,574,276,14,448
363,Jim Beam Double Oak,750,86.0,43.0,Bourbon,247.0,200.0,images/363.jpg,22.9,28.12,25.74,862,71,225,566,449
1297,Russell's Reserve 6 Years Rye,750,90.0,45.0,Rye,496.0,200.0,images/1297.jpg,41.26,48.3,48.16,854,90,186,578,450
17126,Old Bardstown Bottled in Bond,750,100.0,50.0,Bourbon,820.0,200.0,images/17126.jpg,19.99,22.16,23.67,854,67,196,591,450
17354,George Dickel x Leopold Brothers Collaboration,750,100.0,50.0,Whiskey,486.0,1800.0,images/17354.jpg,109.98,126.61,120.79,851,73,293,485,452
2128,Balvenie 14 Year Caribbean Cask,750,86.0,43.0,Scotch,337.0,200.0,images/2128.jpg,83.95,100.48,99.62,848,111,218,519,453
45695,Little Book The Infinite I 2024,750,120.0,60.0,Bourbon,823.0,100056.0,images/45695.jpg,199.99,283.51,324.99,845,145,209,491,454
18872,Old Forester Birthday Bourbon 2022,750,96.0,48.0,Bourbon,152.0,200.0,images/18872.jpg,149.99,403.53,1046.42,844,273,289,282,455
2433,Glenlivet 12 Year,750,80.0,40.0,Scotch,315.0,1996.0,images/2433.jpg,48.53,52.81,53.69,842,150,241,451,456
18356,Stagg Jr. Batch 15,750,,65.55,Bourbon,8803.0,100036.0,images/18356.jpg,53.3,249.2,263.45,840,157,184,499,457
16995,Bardstown Discovery Series No. 5,750,104.7,52.35,Bourbon,778.0,1980.0,images/16995.jpg,134.97,167.84,192.61,838,291,299,248,458
16458,Castle & Key Restoration Rye,750,103.0,51.5,Rye,2983.0,600.0,images/16458.jpg,42.99,44.06,47.26,831,49,195,587,459
34209,Larceny Barrel Proof - Batch B524,750,125.4,62.7,Bourbon,587.0,100032.0,images/34209.jpg,59.95,89.4,62.46,830,73,137,620,460
20519,Jack Daniel’s Twice Barreled Tennessee Rye 2023 Special Release,750,100.0,50.0,Rye,231.0,,images/20519.jpg,69.97,133.85,325.49,826,52,313,461,461
17389,Redwood Empire Rocket Top BIB Rye,750,100.0,50.0,Rye,445.0,200.0,images/17389.jpg,69.99,84.93,87.15,825,133,202,490,462
4631,Evan Williams Single Barrel Vintage 1988,750,86.0,43.0,Bourbon,167.0,200.0,images/4631.jpg,28.68,42.32,49.99,822,145,255,422,463
5151,Bulleit 12 Year Rye,750,92.0,46.0,Rye,415.0,100026.0,images/5151.jpg,51.63,70.95,55.97,821,150,177,494,464
19555,Redwood Empire Emerald Giant Cask Strength,750,117.0,58.5,Rye,445.0,200.0,images/19555.jpg,70.0,81.07,78.59,821,114,160,547,464
17264,New Riff 6 Year Malted Rye,750,100.0,50.0,Rye,254.0,200.0,images/17264.jpg,59.99,82.22,80.56,818,85,179,554,466
3562,Van Winkle Family Reserve 13 Year Rye,750,95.6,47.8,Rye,370.0,200.0,images/3562.jpg,134.89,518.88,1757.32,812,375,230,207,467
44603,Maker's Mark Cellar Aged 2024 Release,750,,59.65,Bourbon,333.0,100046.0,images/44603.jpg,174.99,330.08,551.99,812,279,186,347,467
19812,George T. Stagg 2022 Release,750,,69.35,Bourbon,352.0,1400.0,images/19812.jpg,99.0,461.1,1251.59,811,279,234,298,469
3884,Johnnie Walker Black Label,750,80.0,40.0,Scotch,213.0,100.0,images/3884.jpg,38.82,47.86,44.27,811,58,165,588,469
22361,Elijah Craig Barrel Proof A124,750,119.0,59.5,Bourbon,2.0,,images/22361.jpg,74.99,94.63,92.81,808,26,62,720,471
17261,Wild Turkey Master's Keep One,750,101.0,50.5,Bourbon,191.0,200.0,images/17261.jpg,177.49,254.64,374.05,806,206,288,312,472
20518,RD One Bourbon Brazilian Amburana Wood Finish,750,110.0,55.0,Bourbon,4107.0,,images/20518.jpg,69.99,83.35,71.59,804,72,187,545,473
21216,Basil Hayden's 10 Year Bourbon,750,80.0,40.0,Bourbon,330.0,,images/21216.jpg,52.48,109.66,77.49,791,38,184,569,474
28334,Redwood Empire Screaming Titan,750,96.0,48.0,Bourbon,445.0,100049.0,images/28334.jpg,89.99,117.24,93.28,790,114,111,565,475
17356,Woodford Reserve Five-Malt Stouted Mash - 2021,750,,45.2,Bourbon,2004.0,200.0,images/17356.jpg,129.99,144.78,189.16,789,73,277,439,476
20824,Shenk’s Homestead Sour Mash Whiskey 2023 Release,750,91.0,45.5,Bourbon,3854.0,,images/20824.jpg,109.98,137.18,199.98,788,73,202,513,477
5208,Ancient Age,750,80.0,40.0,Bourbon,93.0,100.0,images/5208.jpg,11.89,14.3,15.24,783,75,190,518,478
1533,J.T.S. Brown BIB Bourbon,750,100.0,50.0,Bourbon,4310.0,200.0,images/1533.jpg,14.31,17.8,16.82,783,111,195,477,478
14242,Wild Turkey 101 Rye,750,101.0,50.5,Rye,191.0,200.0,images/14242.jpg,26.97,27.71,27.99,782,55,193,534,480
18042,Stagg Jr. - Batch #16,750,131.0,65.5,Bourbon,3640.0,200.0,images/18042.jpg,53.3,139.68,367.16,781,67,237,477,481
4723,Jameson Black Barrel,750,80.0,40.0,Irish Whiskey,214.0,80.0,images/4723.jpg,39.16,49.99,40.89,780,72,176,532,482
18002,Evan Williams Single Barrel Vintage 2014,750,86.6,43.3,Bourbon,167.0,200.0,images/18002.jpg,28.75,55.34,135.11,778,44,157,577,483
149,Woodford Reserve Double Oaked,375,90.4,45.2,Bourbon,2004.0,,images/149.jpg,29.39,49.68,31.03,777,54,226,497,484
2371,Old Grand Dad,750,80.0,40.0,Bourbon,793.0,1880.0,images/2371.jpg,17.79,21.21,26.66,774,118,243,413,485
3213,Breckenridge Bourbon Whiskey,750,86.0,43.0,Bourbon,502.0,200.0,images/3213.jpg,44.08,49.93,45.49,774,79,191,504,485
46278,Old Forester Birthday Bourbon 2024,750,107.0,53.5,Bourbon,152.0,100048.0,images/46278.jpg,199.99,479.79,1049.5,774,364,190,220,485
3672,Angel's Envy Cask Strength,750,119.3,59.65,Bourbon,96.0,100.0,images/3672.jpg,218.73,226.76,250.83,770,217,244,309,488
32717,Jim Beam Black 7 Year,750,90.0,45.0,Bourbon,247.0,100026.0,images/32717.jpg,25.0,35.76,26.49,769,75,134,560,489
42831,Bomberger’s Declaration 2024 Release,750,108.0,54.0,,,,images/42831.jpg,,212.8,268.74,775,131,153,491,489
19466,Peerless Double Oak Rye,750,110.0,55.0,Rye,163.0,200.0,images/19466.jpg,114.99,144.83,132.49,763,84,213,466,490
17156,George Remus Single Barrel,750,121.9,60.95,Bourbon,586.0,200.0,images/17156.jpg,54.99,73.06,66.49,762,68,180,514,491
17900,Smoke Wagon Straight Bourbon Halloween Edition,750,92.0,46.0,Bourbon,2808.0,200.0,images/17900.jpg,39.99,42.55,40.59,760,24,178,558,492
19223,Old Fitzgerald 19 Year - Fall 2022,750,100.0,50.0,Bourbon,234.0,200.0,images/19223.jpg,239.97,438.87,1045.98,760,122,302,336,492
1355,Nikka Coffey Grain Japanese Whisky,750,90.0,45.0,Japanese Whisky,378.0,1940.0,images/1355.jpg,70.92,76.44,75.66,760,145,185,430,492
17500,Yellowstone Select Landmark Edition,750,93.0,46.5,Bourbon,272.0,200.0,images/17500.jpg,39.97,45.48,43.59,755,27,180,548,495
19811,Penelope Double Cask Finish - Rio,750,98.0,49.0,Bourbon,2817.0,200.0,images/19811.jpg,90.0,139.16,286.64,752,150,266,336,496
20648,Penelope Barrel Strength Private Select - 4 Grain - 9 Yr,750,109.0,54.5,Bourbon,2817.0,,images/20648.jpg,79.98,90.02,80.48,752,43,155,554,496
13581,Four Roses 2020 Limited Edition Small Batch OESV,750,111.4,55.7,Bourbon,148.0,1700.0,images/13581.jpg,174.97,276.44,518.25,752,438,195,119,496
12152,Fortaleza Reposado Tequila,750,80.0,40.0,,,,images/12152.jpg,57.95,110.2,62.58,761,107,177,477,497
17644,Knob Creek 9 Year,1750,100.0,50.0,Bourbon,189.0,600.0,images/17644.jpg,44.99,60.37,67.79,748,88,204,456,499
20789,Lux Row Four Grain Double Single Barrel,750,115.0,57.5,Bourbon,10099.0,,images/20789.jpg,79.97,106.78,79.99,745,33,199,513,500
