id,name,text_prediction,text_score,visual_prediction,visual_score,hybrid_prediction,hybrid_score
164,Blanton's Original Single Barrel,Blanton's,1.0000000000000002,Blanton's,0.9746491312980652,Blanton's,0.7
2848,Eagle Rare 10 Year,,0.0,Eagle Rare 10 Year,0.9996837377548218,Eagle Rare 10 Year,0.7
4984,"E.H. Taylor, Jr. Small Batch","E.H. Taylor, Jr. Small Batch",1.0000000000000004,"E.H. Taylor, Jr. Small Batch",0.9998020529747009,"E.H. Taylor, Jr. Small Batch",0.7
466,Buffalo Trace,Buffalo Trace,1.0000000000000002,Buffalo Trace,0.9999873638153076,Buffalo Trace,0.7
158,Weller Antique 107,Weller Antique 107,1.0,Weller Antique 107,0.99988853931427,Weller Antique 107,0.7
2803,Weller Special Reserve,Weller Special Reserve,1.0000000000000002,Weller Special Reserve,0.9998034834861755,Weller Special Reserve,0.7
1586,Weller 12 Year The Original Wheated Bourbon,Weller 12 Year 1 Liter,1.0,Weller 12 Year 1 Liter,0.8685904741287231,Weller 12 Year 1 Liter,0.7
2993,Stagg Jr.,Stagg Jr.,1.0000000000000002,Stagg Jr.,0.9983365535736084,Stagg Jr.,0.7
4662,Henry McKenna 10 Year,Henry McKenna 10 Year,1.0,Henry McKenna 10 Year,0.9999645948410034,Henry McKenna 10 Year,0.7
409,Weller Full Proof,Weller Full Proof,1.0,Weller Full Proof,0.9969037175178528,Weller Full Proof,0.7
5120,"E.H. Taylor, Jr. Single Barrel","E.H. Taylor, Jr. Single Barrel",1.0000000000000002,"E.H. Taylor, Jr. Single Barrel",0.9606050848960876,"E.H. Taylor, Jr. Single Barrel",0.7
13266,Heaven Hill Bottled In Bond 7 Year,Heaven Hill Bottled In Bond 7 Year,1.0,Heaven Hill Bottled In Bond 7 Year,0.9993196725845337,Heaven Hill Bottled In Bond 7 Year,0.7
13089,Elijah Craig Toasted Barrel,Elijah Craig Toasted Barrel,1.0000000000000002,Elijah Craig Toasted Barrel,0.9990431666374207,Elijah Craig Toasted Barrel,0.7
150,1792 Full Proof,1792 Full Proof,1.0000000000000002,1792 Full Proof,0.9992534518241882,1792 Full Proof,0.7
159,Blanton's Gold Edition,Blanton's Gold Edition,1.0,Blanton's Gold Edition,0.9999464750289917,Blanton's Gold Edition,0.7
4905,Elmer T. Lee,,0.0,Elmer T. Lee,0.9991081357002258,Elmer T. Lee,0.7
1296,Knob Creek 12 Year,Knob Creek 12 Year,1.0,Knob Creek 12 Year,0.9477865099906921,Knob Creek 12 Year,0.7
1805,Sazerac Rye Whiskey,Sazerac Rye Whiskey,1.0000000000000002,Sazerac Rye Whiskey,0.9946925044059753,Sazerac Rye Whiskey,0.7
1816,Wild Turkey Rare Breed,Wild Turkey Rare Breed,1.0,Wild Turkey Rare Breed,0.9997482895851135,Wild Turkey Rare Breed,0.7
2336,Woodford Reserve Double Oaked,Woodford Reserve Double Oaked,1.0000000000000002,Woodford Reserve Double Oaked,0.9997846484184265,Woodford Reserve Double Oaked,0.7
1522,Russell's Reserve 10 Year,Russell's Reserve 10 Year,1.0,Russell's Reserve 10 Year,0.9069092869758606,Russell's Reserve 10 Year,0.7
263,Old Forester 1920 Prohibition Style,Old Forester 1920 Prohibition Style,1.0,Old Forester 1920 Prohibition Style,0.9961458444595337,Old Forester 1920 Prohibition Style,0.7
3088,Rock Hill Farms Bourbon,Rock Hill Farms Bourbon,1.0,Rock Hill Farms Bourbon,0.9995217323303223,Rock Hill Farms Bourbon,0.7
4589,Weller C.Y.P.B.,,0.0,Weller C.Y.P.B.,0.7630872130393982,Weller C.Y.P.B.,0.7
4742,Old Grand Dad 114,Old Grand Dad 114,1.0,Old Grand Dad 114,0.9952526092529297,Old Grand Dad 114,0.7
15946,Smoke Wagon Uncut Unfiltered Bourbon,Smoke Wagon Uncut Unfiltered Bourbon,1.0,Smoke Wagon Uncut Unfiltered Bourbon,0.999813973903656,Smoke Wagon Uncut Unfiltered Bourbon,0.7
2839,Caribou Crossing,Caribou Crossing,1.0000000000000002,Caribou Crossing,0.9995589852333069,Caribou Crossing,0.7
2193,Evan Williams Bottled in Bond White Label,Evan Williams Bottled in Bond White Label,1.0000000000000002,Evan Williams Bottled in Bond White Label,0.9881812930107117,Evan Williams Bottled in Bond White Label,0.7
1643,1792 Small Batch,1792 Small Batch,1.0,1792 Small Batch,0.9883126616477966,1792 Small Batch,0.7
1165,Four Roses Single Barrel Straight Bourbon,Four Roses Single Barrel Straight Bourbon,1.0,Four Roses Single Barrel Straight Bourbon,0.9986351132392883,Four Roses Single Barrel Straight Bourbon,0.7
3655,Angel's Envy,Angel's Envy,1.0,Angel's Envy,0.9999096393585205,Angel's Envy,0.7
4952,Elijah Craig 18 Year Single Barrel,Elijah Craig 18 Year Single Barrel,1.0,Elijah Craig 18 Year Single Barrel,0.9971290230751038,Elijah Craig 18 Year Single Barrel,0.7
1587,Willett Pot Still Reserve Bourbon,,0.0,Willett Pot Still Reserve Bourbon,0.9999371767044067,Willett Pot Still Reserve Bourbon,0.7
4792,Elijah Craig Small Batch,Elijah Craig Small Batch,1.0,Elijah Craig Small Batch,0.9944764971733093,Elijah Craig Small Batch,0.7
1821,Russell’s Reserve Single Barrel,Russell’s Reserve Single Barrel,1.0,Russell’s Reserve Single Barrel,0.9288960695266724,Russell’s Reserve Single Barrel,0.7
355,Baker's 7 Year 107 Proof,Baker's 7 Year 107 Proof,1.0000000000000002,Baker's 7 Year 107 Proof,0.991382896900177,Baker's 7 Year 107 Proof,0.7
12843,Blanton's Straight from the Barrel,Blanton's Straight from the Barrel,1.0,Blanton's Straight from the Barrel,0.9998375177383423,Blanton's Straight from the Barrel,0.7
2214,Old Forester 1910 Old Fine Whiskey,Old Forester 1910 Old Fine Whiskey,1.0000000000000002,Old Forester 1910 Old Fine Whiskey,0.9874495267868042,Old Forester 1910 Old Fine Whiskey,0.7
1211,Old Rip Van Winkle 10 Year,,0.0,Old Rip Van Winkle 10 Year,0.9994903802871704,Old Rip Van Winkle 10 Year,0.7
16078,Russell's Reserve 13 Years Bourbon,Russell's Reserve 13 Years Bourbon,1.0000000000000002,Russell's Reserve 13 Years Bourbon,0.9988596439361572,Russell's Reserve 13 Years Bourbon,0.7
1074,Early Times Bottled In Bond,Early Times Bottled In Bond,1.0,Early Times Bottled In Bond,0.9949067234992981,Early Times Bottled In Bond,0.7
1282,Willett Family Estate Small Batch Rye 4 Year,Willett Family Estate Small Batch Rye 4 Year,1.0,Willett Family Estate Small Batch Rye 4 Year,0.9992861151695251,Willett Family Estate Small Batch Rye 4 Year,0.7
873,Weller Special Reserve,Weller Special Reserve,1.0000000000000002,Weller Special Reserve,0.9998034834861755,Weller Special Reserve,0.7
1629,Michter's US1 Kentucky Straight Bourbon,Michter's US1 Kentucky Straight Bourbon,1.0,Michter's US1 Kentucky Straight Bourbon,0.9822653532028198,Michter's US1 Kentucky Straight Bourbon,0.7
3574,1792 Bottled In Bond,1792 Bottled In Bond,1.0,1792 Bottled In Bond,0.9993125200271606,1792 Bottled In Bond,0.7
1510,Booker's Bourbon,Booker's Bourbon,1.0000000000000004,Booker's Bourbon,0.9767823815345764,Booker's Bourbon,0.7
3300,Pappy Van Winkle 15 Year Family Reserve,,0.0,Pappy Van Winkle 15 Year Family Reserve,0.9956385493278503,Pappy Van Winkle 15 Year Family Reserve,0.7
33209,Russell’s Reserve 15 Year,Russell’s Reserve 15 Year,1.0000000000000002,Russell’s Reserve 15 Year,0.9922037124633789,Russell’s Reserve 15 Year,0.7
2879,1792 Sweet Wheat Bourbon,1792 Sweet Wheat Bourbon,1.0,1792 Sweet Wheat Bourbon,0.995618462562561,1792 Sweet Wheat Bourbon,0.7
3819,1792 Single Barrel,1792 Single Barrel,1.0,1792 Single Barrel,0.8790920972824097,1792 Single Barrel,0.7
21319,Traveller Whiskey,Traveller Whiskey,1.0000000000000002,Traveller Whiskey,0.9978087544441223,Traveller Whiskey,0.7
3660,Woodford Reserve Bourbon,Woodford Reserve Bourbon,1.0,Woodford Reserve Bourbon,0.9883415102958679,Woodford Reserve Bourbon,0.7
4739,Colonel E.H. Taylor Barrel Proof - Batch 6,Colonel E.H. Taylor Barrel Proof - Batch 6,1.0,Colonel E.H. Taylor Barrel Proof - Batch 6,0.9982872605323792,Colonel E.H. Taylor Barrel Proof - Batch 6,0.7
4245,Larceny Barrel Proof,Larceny Barrel Proof,1.0,Larceny Barrel Proof Batch C921,0.6499843597412109,Larceny Barrel Proof,0.7
4448,Weller Single Barrel,Weller Single Barrel,1.0,Weller Single Barrel,0.9965568780899048,Weller Single Barrel,0.7
477,George T. Stagg 2009 Release,,0.0,George T. Stagg 2009 Release,0.9364445209503174,George T. Stagg 2009 Release,0.7
4762,Jack Daniel's Single Barrel Barrel Proof,Jack Daniel's Single Barrel Barrel Proof,1.0000000000000002,Jack Daniel's Single Barrel Barrel Proof,0.9999843835830688,Jack Daniel's Single Barrel Barrel Proof,0.7
4255,Blade and Bow Bourbon,,0.0,Blade and Bow Bourbon,0.9999980926513672,Blade and Bow Bourbon,0.7
620,Buffalo Trace,Buffalo Trace,1.0000000000000002,Buffalo Trace,0.9999873638153076,Buffalo Trace,0.7
4373,Four Roses Small Batch Select,Four Roses Small Batch Select,1.0,Four Roses Small Batch Select,0.9999755620956421,Four Roses Small Batch Select,0.7
3671,"E.H. Taylor, Jr. Straight Rye","E.H. Taylor, Jr. Straight Rye",1.0,"E.H. Taylor, Jr. Straight Rye",0.9923908114433289,"E.H. Taylor, Jr. Straight Rye",0.7
4708,Wild Turkey 101,Wild Turkey 101,1.0,Wild Turkey 101,0.9979815483093262,Wild Turkey 101,0.7
519,Pappy Van Winkle 23 Year Family Reserve,Pappy Van Winkle 23 Year Family Reserve,1.0,Pappy Van Winkle 23 Year Family Reserve,0.999966025352478,Pappy Van Winkle 23 Year Family Reserve,0.7
15947,Smoke Wagon Small Batch Bourbon,,0.0,Smoke Wagon Small Batch Bourbon,0.9999048709869385,Smoke Wagon Small Batch Bourbon,0.7
15966,Knob Creek 9 Year,Knob Creek 9 Year,1.0000000000000002,Knob Creek 9 Year,0.9441189169883728,Knob Creek 9 Year,0.7
13668,Maker's Mark 101,Maker's Mark 101,1.0000000000000002,Maker's Mark 101,0.9888349175453186,Maker's Mark 101,0.7
3959,William Larue Weller - 2009,William Larue Weller - 2009,1.0000000000000002,William Larue Weller - 2009,0.9786404967308044,William Larue Weller - 2009,0.7
4002,Michter's 10 Year Single Barrel Bourbon 2020 Bottling,Michter's 10 Year Single Barrel Bourbon 2020 Bottling,1.0,Michter's 10 Year Single Barrel Bourbon 2020 Bottling,0.9921667575836182,Michter's 10 Year Single Barrel Bourbon 2020 Bottling,0.7
987,Widow Jane 10 Year Straight Bourbon,Widow Jane 10 Year Straight Bourbon,1.0,Widow Jane 10 Year Straight Bourbon,0.9066662788391113,Widow Jane 10 Year Straight Bourbon,0.7
13584,Jack Daniel's Single Barrel Rye Barrel Proof,Jack Daniel's Single Barrel Rye Barrel Proof,1.0,Jack Daniel's Single Barrel Rye Barrel Proof,0.9479660987854004,Jack Daniel's Single Barrel Rye Barrel Proof,0.7
1641,Wild Turkey Kentucky Spirit Single Barrel,Wild Turkey Kentucky Spirit Single Barrel,1.0000000000000002,Wild Turkey Kentucky Spirit Single Barrel,0.9990259408950806,Wild Turkey Kentucky Spirit Single Barrel,0.7
17951,Penelope Architect,,0.0,Penelope Architect,0.9939287900924683,Penelope Architect,0.7
144,Elijah Craig Barrel Proof Batch A119,Elijah Craig Barrel Proof Batch A119,1.0000000000000002,Elijah Craig Barrel Proof Batch A119,0.8870331048965454,Elijah Craig Barrel Proof Batch A119,0.7
3773,Four Roses Small Batch,Four Roses Small Batch,1.0,Four Roses Small Batch,0.9996390342712402,Four Roses Small Batch,0.7
1269,Maker's Mark 46,Maker's Mark 46,1.0000000000000002,Maker's Mark 46,0.9993452429771423,Maker's Mark 46,0.7
18530,Knob Creek 18 Year Limited Edition,Knob Creek 18 Year Limited Edition,1.0000000000000002,Knob Creek 18 Year Limited Edition,0.9783326983451843,Knob Creek 18 Year Limited Edition,0.7
2755,Maker's Mark Bourbon,Maker's Mark Bourbon,1.0,Maker's Mark Bourbon,0.9865427017211914,Maker's Mark Bourbon,0.7
17318,Jack Daniel's 10 Year,Jack Daniel's 10 Year,1.0000000000000002,Jack Daniel's 10 Year,0.9942353367805481,Jack Daniel's 10 Year,0.7
3651,Eagle Rare 10 Year,Eagle Rare 10 Year,1.0,Eagle Rare 10 Year,0.9998912811279297,Eagle Rare 10 Year,0.7
14150,1792 Aged Twelve Years,1792 Small Batch,1.0,1792 Aged Twelve Years,0.9998315572738647,1792 Small Batch,0.7
3731,Michter's US1 Toasted Sour Mash,Michter's US1 Toasted Sour Mash,1.0,Michter's US1 Toasted Sour Mash,0.9916688203811646,Michter's US1 Toasted Sour Mash,0.7
3674,Bulleit Bourbon,,0.0,Bulleit Bourbon,0.8201417922973633,Bulleit Bourbon,0.7
20691,Elijah Craig Barrel Proof C923,Elijah Craig Barrel Proof C923,1.0,Elijah Craig Barrel Proof Batch B523,0.3902684152126312,Elijah Craig Barrel Proof C923,0.7
1217,Joseph Magnus Cigar Blend Bourbon,Joseph Magnus Cigar Blend Bourbon,1.0,Joseph Magnus Cigar Blend Bourbon,0.999988317489624,Joseph Magnus Cigar Blend Bourbon,0.7
1966,Jack Daniel's Sinatra Select,Jack Daniel's Sinatra Select,1.0,Jack Daniel's Sinatra Select,0.9998327493667603,Jack Daniel's Sinatra Select,0.7
20783,Larceny Barrel Proof Batch C923,Larceny Barrel Proof Batch C923,1.0,Larceny Barrel Proof Batch C923,0.977266252040863,Larceny Barrel Proof Batch C923,0.7
17248,Benchmark Full Proof,Benchmark Full Proof,1.0,Benchmark Full Proof,0.9215284585952759,Benchmark Full Proof,0.7
21356,Old Forester 1924 10 Year,Old Forester 1924 10 Year,1.0,Old Forester 1924 10 Year,0.9878515601158142,Old Forester 1924 10 Year,0.7
3775,Yellowstone Select,Yellowstone Select,1.0000000000000002,Yellowstone Select,0.9913412928581238,Yellowstone Select,0.7
46254,Wild Turkey Jimmy Russell 70th Anniversary,Wild Turkey Jimmy Russell 70th Anniversary,1.0,Wild Turkey Jimmy Russell 70th Anniversary,0.9993832111358643,Wild Turkey Jimmy Russell 70th Anniversary,0.7
2969,Old Ezra 7 Year Barrel Strength,Old Ezra 7 Year Barrel Strength,1.0000000000000002,Old Ezra 7 Year Barrel Strength,0.9840647578239441,Old Ezra 7 Year Barrel Strength,0.7
4299,Jack Daniel's Single Barrel Select,Jack Daniel's Single Barrel Select,1.0,Jack Daniel's Single Barrel Select,0.9996248483657837,Jack Daniel's Single Barrel Select,0.7
1046,Double Eagle Very Rare,Double Eagle Very Rare,1.0,Double Eagle Very Rare,0.9999154806137085,Double Eagle Very Rare,0.7
17358,Jack Daniel's Coy Hill Single Barrel,Jack Daniel's Coy Hill Single Barrel,1.0000000000000002,Jack Daniel's Coy Hill Single Barrel,0.9992941617965698,Jack Daniel's Coy Hill Single Barrel,0.7
16960,Basil Hayden Toast,Basil Hayden Toast,1.0000000000000002,Basil Hayden Toast,0.9994276165962219,Basil Hayden Toast,0.7
2533,Knob Creek 9 Year Single Barrel Reserve,Knob Creek 9 Year Single Barrel Reserve,1.0000000000000002,Knob Creek 9 Year Single Barrel Reserve,0.9996217489242554,Knob Creek 9 Year Single Barrel Reserve,0.7
803,Redwood Empire Pipe Dream,,0.0,Redwood Empire Pipe Dream,0.8085685968399048,Redwood Empire Pipe Dream,0.7
3755,Angel's Envy Rye,Angel's Envy Rye,1.0000000000000002,Angel's Envy Rye,0.9212881922721863,Angel's Envy Rye,0.7
19547,Jack Daniel’s 12 Year Tennessee Whiskey #1,Jack Daniel’s 12 Year Tennessee Whiskey #1,1.0,Jack Daniel’s 12 Year Tennessee Whiskey #1,0.9955047965049744,Jack Daniel’s 12 Year Tennessee Whiskey #1,0.7
16681,Blanton's Black,Blanton's Black,1.0,Blanton's Black,0.9976007342338562,Blanton's Black,0.7
2706,Elijah Craig Barrel Proof Batch B519,Elijah Craig Barrel Proof Batch B519,1.0000000000000004,Elijah Craig Barrel Proof Batch B519,0.9977073669433594,Elijah Craig Barrel Proof Batch B519,0.7
4776,Pappy Van Winkle 20 Year Family Reserve,Pappy Van Winkle 20 Year Family Reserve,0.9999999999999999,Pappy Van Winkle 20 Year Family Reserve,0.9979214072227478,Pappy Van Winkle 20 Year Family Reserve,0.7
1708,Bowman Brothers Small Batch,Bowman Brothers Small Batch,1.0,Bowman Brothers Small Batch,0.9999653100967407,Bowman Brothers Small Batch,0.7
2849,Hancock's President's Reserve Bourbon,Hancock's President's Reserve Bourbon,1.0,Hancock's President's Reserve Bourbon,0.9997079968452454,Hancock's President's Reserve Bourbon,0.7
2769,Old Forester 1897 Bottled In Bond,Old Forester 1897 Bottled In Bond,1.0000000000000004,Old Forester 1897 Bottled In Bond,0.9607779383659363,Old Forester 1897 Bottled In Bond,0.7
5194,Michter's US1 Kentucky Straight Rye,Michter's US1 Kentucky Straight Rye,1.0,Michter's US1 Kentucky Straight Rye,0.9913341403007507,Michter's US1 Kentucky Straight Rye,0.7
3317,Michter's Limited Release Toasted Barrel Bourbon,Michter's Limited Release Toasted Barrel Bourbon,1.0,Michter's Limited Release Toasted Barrel Bourbon,0.936183512210846,Michter's Limited Release Toasted Barrel Bourbon,0.7
15948,Smoke Wagon Bourbon,Smoke Wagon Bourbon,1.0000000000000002,Smoke Wagon Bourbon,0.9999688863754272,Smoke Wagon Bourbon,0.7
4948,Thomas H Handy,Thomas H Handy,1.0,Thomas H Handy,0.9996030926704407,Thomas H Handy,0.7
2353,Knob Creek 15 Year Batch KC001,Knob Creek 15 Year Batch KC001,1.0,Knob Creek 15 Year Batch KC001,0.9878048896789551,Knob Creek 15 Year Batch KC001,0.7
3958,Basil Hayden's Bourbon,Basil Hayden's Bourbon,1.0000000000000002,Basil Hayden's Bourbon,0.8278051018714905,Basil Hayden's Bourbon,0.7
4450,Buffalo Trace,Buffalo Trace,1.0000000000000002,Buffalo Trace,0.9999873638153076,Buffalo Trace,0.7
17176,Peerless Double Oak Bourbon,Peerless Double Oak Bourbon,1.0,Peerless Double Oak Bourbon,0.9999996423721313,Peerless Double Oak Bourbon,0.7
7140,Buffalo Trace Bourbon Cream,Buffalo Trace Bourbon Cream,1.0,Buffalo Trace Bourbon Cream,0.9999029636383057,Buffalo Trace Bourbon Cream,0.7
14409,Widow Jane Decadence,Widow Jane Decadence,1.0,Widow Jane Decadence,0.9986327290534973,Widow Jane Decadence,0.7
1462,Larceny,Larceny,1.0000000000000002,Larceny,0.9995076656341553,Larceny,0.7
4576,Michter's Single Barrel Rye 10 Year,Michter's Single Barrel Rye 10 Year,1.0,Michter's Single Barrel Rye 10 Year,0.9998400211334229,Michter's Single Barrel Rye 10 Year,0.7
429,Old Forester Statesman,Old Forester Statesman,1.0,Old Forester Statesman,0.9985264539718628,Old Forester Statesman,0.7
1663,Redbreast 12 Year Old Single Pot Still,Redbreast 12 Year Old Single Pot Still,1.0,Redbreast 12 Year Old Single Pot Still,0.9187216758728027,Redbreast 12 Year Old Single Pot Still,0.7
21689,Crown Royal Blackberry,Crown Royal Blackberry,1.0,Crown Royal Blackberry,0.9999822378158569,Crown Royal Blackberry,0.7
16484,Calumet Farm 15 Year Single Rack Black,Calumet Farm 15 Year Single Rack Black,1.0,Calumet Farm 15 Year Single Rack Black,0.9749714136123657,Calumet Farm 15 Year Single Rack Black,0.7
4598,Weller Antique 107,Weller Antique 107,1.0,Weller Antique 107,0.99988853931427,Weller Antique 107,0.7
15985,George Dickel 15 Year Single Barrel,George Dickel 15 Year Single Barrel,1.0,George Dickel 15 Year Single Barrel,0.9998729228973389,George Dickel 15 Year Single Barrel,0.7
17021,Little Book Chapter 5: The Invitation,Little Book Chapter 5: The Invitation,1.0,Little Book Chapter 5: The Invitation,0.9999890327453613,Little Book Chapter 5: The Invitation,0.7
4486,John J. Bowman Single Barrel 10 Year,John J. Bowman Single Barrel 10 Year,1.0000000000000004,John J. Bowman Single Barrel 10 Year,0.9999974966049194,John J. Bowman Single Barrel 10 Year,0.7
1636,Russell’s Reserve Private Barrel Selection Single Barrel,Russell’s Reserve Private Barrel Selection Single Barrel,1.0,Russell’s Reserve Private Barrel Selection Single Barrel,0.9873254299163818,Russell’s Reserve Private Barrel Selection Single Barrel,0.7
220,Noah's Mill,Noah's Mill,1.0000000000000002,Noah's Mill,0.9992929697036743,Noah's Mill,0.7
3941,Michter's US1 Unblended American Whiskey,Michter's US1 Unblended American Whiskey,1.0000000000000002,Michter's US1 Unblended American Whiskey,0.9999996423721313,Michter's US1 Unblended American Whiskey,0.7
4593,Kentucky Owl Confiscated,Kentucky Owl Confiscated,0.9999999999999999,Kentucky Owl Confiscated,0.9998314380645752,Kentucky Owl Confiscated,0.7
1924,Old Tub,Old Tub,1.0,Old Tub,0.9954788088798523,Old Tub,0.7
2594,Eagle Rare 17 Year,,0.0,Eagle Rare 17 Year,0.9012584090232849,Eagle Rare 17 Year,0.7
14147,Blanton's,Blanton's,1.0000000000000002,Blanton's,0.9746491312980652,Blanton's,0.7
19806,John J. Bowman Single Barrel Limited Edition,John J. Bowman Single Barrel Limited Edition,0.9999999999999999,John J. Bowman Single Barrel Limited Edition,0.9999679327011108,John J. Bowman Single Barrel Limited Edition,0.7
2476,Old Grand Dad Bonded,Old Grand Dad Bonded,1.0000000000000002,Old Grand Dad Bonded,0.9932835102081299,Old Grand Dad Bonded,0.7
19971,Penelope 5 Year Toasted Barrel,,0.0,Penelope 5 Year Toasted Barrel,0.9995641112327576,Penelope 5 Year Toasted Barrel,0.7
1800,Bomberger Small Batch Straight Bourbon,,0.0,Bomberger Small Batch Straight Bourbon,0.9866361021995544,Bomberger Small Batch Straight Bourbon,0.7
19503,Ben Holladay Soft Red Wheat Bottled in Bond,Ben Holladay Soft Red Wheat Bottled in Bond,1.0000000000000002,Ben Holladay Soft Red Wheat Bottled in Bond,0.9997636675834656,Ben Holladay Soft Red Wheat Bottled in Bond,0.7
38465,Maker's Mark Wood Finish Series The Heart Release 2024,Maker's Mark Wood Finish Series The Heart Release 2024,0.9999999999999998,Maker's Mark Wood Finish Series The Heart Release 2024,0.9991468191146851,Maker's Mark Wood Finish Series The Heart Release 2024,0.7
495,Maker's Mark Cask Strength,,0.0,Maker's Mark Cask Strength,0.9998291730880737,Maker's Mark Cask Strength,0.7
19526,Maker's Mark 2023 Wood Finishing Series BEP,Maker's Mark 2023 Wood Finishing Series BEP,0.9999999999999999,Maker's Mark 2023 Wood Finishing Series BEP,0.9880346655845642,Maker's Mark 2023 Wood Finishing Series BEP,0.7
16613,Barrell Seagrass Rye Whiskey,Barrell Seagrass Rye Whiskey,1.0000000000000002,Barrell Seagrass Rye Whiskey,0.9998342990875244,Barrell Seagrass Rye Whiskey,0.7
3860,Jack Daniel's,Jack Daniel's,1.0000000000000002,Jack Daniel's,0.9993625283241272,Jack Daniel's,0.7
966,New Riff Bourbon Single Barrel,New Riff Bourbon Single Barrel,1.0,New Riff Bourbon Single Barrel,0.9960148334503174,New Riff Bourbon Single Barrel,0.7
3249,Wild Turkey Rare Breed Barrel Proof Rye,Wild Turkey Rare Breed Barrel Proof Rye,1.0000000000000002,Wild Turkey Rare Breed Barrel Proof Rye,0.9988547563552856,Wild Turkey Rare Breed Barrel Proof Rye,0.7
1133,Uncle Nearest 1856,Uncle Nearest 1856,1.0,Uncle Nearest 1856,0.9993232488632202,Uncle Nearest 1856,0.7
18070,Blood Oath Pact No. 8,Blood Oath Pact No. 8,1.0000000000000002,Blood Oath Pact No. 8,0.997837245464325,Blood Oath Pact No. 8,0.7
18184,Jack Daniel's Bonded,Jack Daniel's Bonded,1.0,Jack Daniel’s Triple Mash,0.8515397906303406,Jack Daniel's Bonded,0.7
17898,Weller Special Reserve,Weller Special Reserve,1.0000000000000002,Weller Special Reserve,0.9998034834861755,Weller Special Reserve,0.7
2291,Wild Turkey Longbranch 8 Year,Wild Turkey Longbranch 8 Year,1.0000000000000002,Wild Turkey Longbranch 8 Year,0.9949525594711304,Wild Turkey Longbranch 8 Year,0.7
21106,Stagg - 23C,Stagg Batch 22B,1.0,Stagg - 23C,0.998938262462616,Stagg Batch 22B,0.7
2831,New Riff Bourbon,,0.0,New Riff Bourbon,0.9988277554512024,New Riff Bourbon,0.7
633,Michter's Barrel Strength Rye Whiskey,Michter's Barrel Strength Rye Whiskey,1.0,Michter's Barrel Strength Rye Whiskey,0.8969601392745972,Michter's Barrel Strength Rye Whiskey,0.7
2549,Crown Royal Peach,Crown Royal Peach,1.0000000000000002,Crown Royal Peach,0.9991047978401184,Crown Royal Peach,0.7
3997,Redwood Empire Lost Monarch,Redwood Empire Lost Monarch,1.0,Redwood Empire Lost Monarch,0.9093950390815735,Redwood Empire Lost Monarch,0.7
18508,Willett Wheated 8 Year,Willett Wheated 8 Year,0.9999999999999999,Willett Wheated 8 Year,0.9998679161071777,Willett Wheated 8 Year,0.7
41273,Stagg Batch 24A,Stagg Batch 22B,1.0,Stagg Batch 24A,0.9711562991142273,Stagg Batch 22B,0.7
17450,Benchmark Single Barrel,Benchmark Single Barrel,1.0,Benchmark Single Barrel,0.9996644258499146,Benchmark Single Barrel,0.7
21242,George T. Stagg 2023 Release,George T. Stagg 2023 Release,1.0,George T. Stagg 2023 Release,0.8759499192237854,George T. Stagg 2023 Release,0.7
893,Old Forester 86 Proof,Old Forester 86 Proof,1.0,Old Forester 86 Proof,0.9994246959686279,Old Forester 86 Proof,0.7
16682,Blanton's Red,,0.0,Blanton's Red,0.8138675093650818,Blanton's Red,0.7
17397,Old Fitzgerald 8 Year - Spring 2021,Old Fitzgerald 8 Year - Spring 2021,1.0,Old Fitzgerald 8 Year - Spring 2021,0.8649813532829285,Old Fitzgerald 8 Year - Spring 2021,0.7
17632,Elijah Craig Barrel Proof Batch A122,Elijah Craig Barrel Proof Batch A122,1.0000000000000004,Elijah Craig Barrel Proof Batch A122,0.9936115145683289,Elijah Craig Barrel Proof Batch A122,0.7
17435,Knob Creek 12 Year Cask Strength ,Knob Creek 12 Year Cask Strength ,1.0000000000000002,Knob Creek 12 Year Cask Strength ,0.9999957084655762,Knob Creek 12 Year Cask Strength ,0.7
435,Crown Royal,Crown Royal,1.0,Crown Royal,0.999482274055481,Crown Royal,0.7
17247,Benchmark Bonded,Benchmark Bonded,1.0,Benchmark Bonded,0.8621100187301636,Benchmark Bonded,0.7
15984,Old Forester 150th Anniversary,Old Forester 150th Anniversary,1.0,Old Forester 150th Anniversary,0.9660110473632812,Old Forester 150th Anniversary,0.7
670,Coopers' Craft Barrel Reserve,Coopers' Craft Barrel Reserve,1.0000000000000004,Coopers' Craft Barrel Reserve,0.999927282333374,Coopers' Craft Barrel Reserve,0.7
1579,Basil Hayden's 10 Year,Basil Hayden's 10 Year,0.9999999999999997,Basil Hayden's 10 Year,0.9999669790267944,Basil Hayden's 10 Year,0.7
15989,Maker's Mark 2021 Wood Finishing Series FAE-01,Maker's Mark 2021 Wood Finishing Series FAE-01,1.0000000000000002,Maker's Mark 2021 Wood Finishing Series FAE-01,0.9956399202346802,Maker's Mark 2021 Wood Finishing Series FAE-01,0.7
17068,Still Austin Cask Strength Bourbon,Still Austin Cask Strength Bourbon,1.0000000000000002,Still Austin Cask Strength Bourbon,0.9992688298225403,Still Austin Cask Strength Bourbon,0.7
5131,Jack Daniel's Single Barrel Barrel Proof,Jack Daniel's Single Barrel Barrel Proof,1.0000000000000002,Jack Daniel's Single Barrel Barrel Proof,0.9999843835830688,Jack Daniel's Single Barrel Barrel Proof,0.7
19626,Bardstown Origin Series Bottled in Bond,Bardstown Origin Series Bottled in Bond,1.0,Bardstown Origin Series Bottled in Bond,0.9979604482650757,Bardstown Origin Series Bottled in Bond,0.7
1419,Isaac Bowman Port Barrel Finish Bourbon,Isaac Bowman Port Barrel Finish Bourbon,0.9999999999999998,Isaac Bowman Port Barrel Finish Bourbon,0.9999711513519287,Isaac Bowman Port Barrel Finish Bourbon,0.7
16161,Blood Oath Pact No. 7,Blood Oath Pact No. 7,1.0000000000000002,Blood Oath Pact No. 7,0.9943786263465881,Blood Oath Pact No. 7,0.7
17210,Penelope Toasted Series,Penelope Toasted Series,1.0,Penelope Toasted Series,0.9998573064804077,Penelope Toasted Series,0.7
18235,Calumet Farm 16 year Single Rack Black,Calumet Farm 16 year Single Rack Black,1.0,Calumet Farm 16 year Single Rack Black,0.9962677359580994,Calumet Farm 16 year Single Rack Black,0.7
19720,Green River Wheated Sour Mash,Green River Wheated Sour Mash,1.0,Green River Wheated Sour Mash,0.9920108914375305,Green River Wheated Sour Mash,0.7
17213,Blue Run High Rye Bourbon,Blue Run High Rye Bourbon,1.0,Blue Run High Rye Bourbon,0.9978224039077759,Blue Run High Rye Bourbon,0.7
15965,Penelope Bourbon Four Grain,Penelope Bourbon Four Grain,1.0,Penelope Bourbon Four Grain,0.9999996423721313,Penelope Bourbon Four Grain,0.7
4588,Rowan's Creek 12 Year,Rowan's Creek 12 Year,1.0000000000000002,Rowan's Creek 12 Year,0.9965518712997437,Rowan's Creek 12 Year,0.7
1736,Bulleit Bourbon Barrel Strength,,0.0,Bulleit Bourbon Barrel Strength,0.7642899751663208,Bulleit Bourbon Barrel Strength,0.7
2159,Old Forester 100,Old Forester 100,1.0,Old Forester 100,0.9991908669471741,Old Forester 100,0.7
18396,Ben Holladay Bottled in Bond Bourbon,Ben Holladay Bottled in Bond Bourbon,1.0,Ben Holladay Bottled in Bond Bourbon,0.9995368719100952,Ben Holladay Bottled in Bond Bourbon,0.7
17138,Remus Repeal Reserve V,Remus Repeal Reserve V,1.0,Remus Repeal Reserve V,0.9998143315315247,Remus Repeal Reserve V,0.7
18712,Elijah Craig Barrel Proof Batch C922,Elijah Craig Barrel Proof Batch C922,1.0,Elijah Craig Barrel Proof Batch C922,0.5495577454566956,Elijah Craig Barrel Proof Batch C922,0.7
184,Belle Meade Cask Strength Reserve Bourbon,Belle Meade Cask Strength Reserve Bourbon,1.0,Belle Meade Cask Strength Reserve Bourbon,0.9967764019966125,Belle Meade Cask Strength Reserve Bourbon,0.7
859,Monkey Shoulder,Monkey Shoulder,1.0000000000000002,Monkey Shoulder,0.9795072674751282,Monkey Shoulder,0.7
286,Buffalo Trace Kosher Wheat 7 Year,Buffalo Trace Kosher Wheat 7 Year,1.0000000000000004,Buffalo Trace Kosher Wheat 7 Year,0.9959695339202881,Buffalo Trace Kosher Wheat 7 Year,0.7
21466,James E. Pepper Barrel Proof Bourbon,James E. Pepper Barrel Proof Bourbon,1.0,James E. Pepper Barrel Proof Bourbon,0.9999990463256836,James E. Pepper Barrel Proof Bourbon,0.7
19559,Redwood Empire Pipe Dream Cask Strength,Redwood Empire Pipe Dream Cask Strength,1.0000000000000002,Redwood Empire Pipe Dream Cask Strength,0.9999679327011108,Redwood Empire Pipe Dream Cask Strength,0.7
17089,Woodford Reserve Master's Collection Batch Proof 128.3,,0.0,Woodford Reserve Master's Collection Batch Proof 128.3,0.9550403356552124,Woodford Reserve Master's Collection Batch Proof 128.3,0.7
3123,Jameson Irish Whiskey Triple Distilled,Jameson Irish Whiskey Triple Distilled,1.0,Jameson Irish Whiskey Triple Distilled,0.9733362793922424,Jameson Irish Whiskey Triple Distilled,0.7
3205,Rabbit Hole Dareringer Sherry Bourbon Cask,Rabbit Hole Dareringer Sherry Bourbon Cask,1.0,Rabbit Hole Dareringer Sherry Bourbon Cask,0.9996957778930664,Rabbit Hole Dareringer Sherry Bourbon Cask,0.7
3265,Crown Royal Salted Caramel,,0.0,Crown Royal Salted Caramel,0.9989457726478577,Crown Royal Salted Caramel,0.7
3152,George Dickel Bottled in Bond Tennessee Whiskey 13 Year,George Dickel Bottled in Bond Tennessee Whiskey 13 Year,1.0,George Dickel Bottled in Bond Tennessee Whiskey 13 Year,0.9887456297874451,George Dickel Bottled in Bond Tennessee Whiskey 13 Year,0.7
18233,Elijah Craig Barrel Proof Batch B522,Elijah Craig Barrel Proof Batch B522,1.0000000000000002,Elijah Craig Barrel Proof Batch C922,0.3646831214427948,Elijah Craig Barrel Proof Batch B522,0.7
2331,Eagle Rare 10 Year,Eagle Rare 10 Year,1.0,Eagle Rare 10 Year,0.9998912811279297,Eagle Rare 10 Year,0.7
17293,Booker’s Bourbon 2021-04 Noe Strangers Batch,Booker’s Bourbon 2021-04 Noe Strangers Batch,1.0,Booker’s Bourbon 2021-04 Noe Strangers Batch,0.9982665777206421,Booker’s Bourbon 2021-04 Noe Strangers Batch,0.7
2086,Knob Creek Smoked Maple,Knob Creek Smoked Maple,1.0,Knob Creek Smoked Maple,0.9743021726608276,Knob Creek Smoked Maple,0.7
4575,"E.H. Taylor, Jr. 18 Year Marriage","E.H. Taylor, Jr. 18 Year Marriage",1.0,"E.H. Taylor, Jr. 18 Year Marriage",0.9936192631721497,"E.H. Taylor, Jr. 18 Year Marriage",0.7
17153,Maker's Mark 2021 Wood Finishing Series FAE-02,,0.0,Maker's Mark 2021 Wood Finishing Series FAE-02,0.9758451581001282,Maker's Mark 2021 Wood Finishing Series FAE-02,0.7
19790,Penelope Bourbon Cooper Series - Valencia,Penelope Bourbon Cooper Series - Valencia,1.0,Penelope Bourbon Cooper Series - Valencia,0.9965357780456543,Penelope Bourbon Cooper Series - Valencia,0.7
2147,High West Campfire,High West Campfire,1.0,High West Campfire,0.9991402626037598,High West Campfire,0.7
20831,Booker's Bourbon 2023-03 Mighty Fine Batch,,0.0,Booker's Bourbon 2023-03 Mighty Fine Batch,0.5397570133209229,Booker's Bourbon 2023-03 Mighty Fine Batch,0.7
17688,Old Forester Rye Barrel Strength Single Barrel,Old Forester Rye Barrel Strength Single Barrel,1.0,Old Forester Rye Barrel Strength Single Barrel,0.9997900128364563,Old Forester Rye Barrel Strength Single Barrel,0.7
17894,Castle & Key Small Batch Bourbon,Castle & Key Small Batch Bourbon,1.0,Castle & Key Small Batch Bourbon,0.996880054473877,Castle & Key Small Batch Bourbon,0.7
15967,Horse Soldier Bourbon,Horse Soldier Bourbon,1.0,Horse Soldier Bourbon,0.9798256754875183,Horse Soldier Bourbon,0.7
17446,Penelope Bourbon Rosé Cask Finish,Penelope Bourbon Rosé Cask Finish,1.0,Penelope Bourbon Rosé Cask Finish,0.9776997566223145,Penelope Bourbon Rosé Cask Finish,0.7
841,Peerless Bourbon Small Batch,Peerless Bourbon Small Batch,1.0,Peerless Bourbon Small Batch,0.9999998807907104,Peerless Bourbon Small Batch,0.7
17211,Blue Note Juke Joint Whiskey Uncut Unfiltered,Blue Note Juke Joint Whiskey Uncut Unfiltered,1.0,Blue Note Juke Joint Whiskey Uncut Unfiltered,0.9826056957244873,Blue Note Juke Joint Whiskey Uncut Unfiltered,0.7
21010,Booker’s Bourbon 2023-04 - The Storyteller Batch,Booker’s Bourbon 2023-04 - The Storyteller Batch,1.0,Booker’s Bourbon 2023-04 - The Storyteller Batch,0.9390493631362915,Booker’s Bourbon 2023-04 - The Storyteller Batch,0.7
20005,"Booker's 7 Year ""Apprentice Batch"" - 2023","Booker's 7 Year ""Apprentice Batch"" - 2023",1.0000000000000002,"Booker's 7 Year ""Apprentice Batch"" - 2023",0.9133402109146118,"Booker's 7 Year ""Apprentice Batch"" - 2023",0.7
2581,WhistlePig 6 Year Piggyback Rye,WhistlePig 6 Year Piggyback Rye,1.0000000000000002,WhistlePig 6 Year Piggyback Rye,0.9811801910400391,WhistlePig 6 Year Piggyback Rye,0.7
4783,Woodford Reserve Double Oaked,Woodford Reserve Double Oaked,1.0000000000000002,Woodford Reserve Double Oaked,0.9997846484184265,Woodford Reserve Double Oaked,0.7
17054,Buffalo Trace Kosher Bourbon Rye Recipe,Buffalo Trace Kosher Wheat 7 Year,1.0000000000000004,Buffalo Trace Kosher Bourbon Rye Recipe,0.9955098628997803,Buffalo Trace Kosher Wheat 7 Year,0.7
4813,Maker's Mark 46 Cask Strength,Maker's Mark 46 Cask Strength,1.0000000000000002,Maker's Mark 46 Cask Strength,0.9999920129776001,Maker's Mark 46 Cask Strength,0.7
19151,Stagg - Batch #18,Stagg - Batch #18,1.0000000000000002,Stagg - Batch #18,0.9998069405555725,Stagg - Batch #18,0.7
19975,Elijah Craig Barrel Proof Batch B523,Elijah Craig Barrel Proof Batch B523,1.0,Elijah Craig Barrel Proof Batch B523,0.7753692865371704,Elijah Craig Barrel Proof Batch B523,0.7
17355,Penelope Bourbon Barrel Strength Four Grain Batch 8,Penelope Bourbon Barrel Strength Four Grain Batch 8,1.0000000000000002,Penelope Bourbon Barrel Strength Four Grain Batch 8,0.999625563621521,Penelope Bourbon Barrel Strength Four Grain Batch 8,0.7
17802,Stagg Jr. - Batch #17,Stagg Jr. - Batch #16,1.0,Stagg Jr. - Batch #16,0.8300960659980774,Stagg Jr. - Batch #16,0.7
48400,Stagg 24B,Stagg Batch 22B,1.0,Stagg 24B,0.9650403261184692,Stagg Batch 22B,0.7
3286,High West Double Rye,High West Double Rye,1.0000000000000002,High West Double Rye,0.9333422183990479,High West Double Rye,0.7
18354,Booker’s Bourbon 2022-02 Lumberyard Batch,Booker’s Bourbon 2022-02 Lumberyard Batch,1.0000000000000002,Booker’s Bourbon 2022-02 Lumberyard Batch,0.8825970888137817,Booker’s Bourbon 2022-02 Lumberyard Batch,0.7
17630,Kentucky Owl St. Patrick's Edition,Kentucky Owl St. Patrick's Edition,1.0000000000000002,Kentucky Owl St. Patrick's Edition,0.995080828666687,Kentucky Owl St. Patrick's Edition,0.7
1948,Old Forester Single Barrel 100 Proof,Old Forester Single Barrel 100 Proof,1.0000000000000002,Old Forester Single Barrel 100 Proof,0.988636314868927,Old Forester Single Barrel 100 Proof,0.7
3838,Joseph Magnus Straight Bourbon,Joseph Magnus Straight Bourbon,1.0000000000000002,Joseph Magnus Straight Bourbon,0.9997767806053162,Joseph Magnus Straight Bourbon,0.7
19879,Stagg - 22A,Stagg - 22A,1.0,Stagg - 22A,0.9507757425308228,Stagg - 22A,0.7
19819,Larceny Barrel Proof Batch B523,Larceny Barrel Proof Batch B523,1.0000000000000002,Larceny Barrel Proof Batch B522,0.7350195646286011,Larceny Barrel Proof Batch B522,0.7
4033,Pikesville Rye Whiskey,Pikesville Rye Whiskey,1.0,Pikesville Rye Whiskey,0.9901632070541382,Pikesville Rye Whiskey,0.7
3365,Jefferson’s Reserve Very Old Kentucky Straight Bourbon Very Small Batch,,0.0,Jefferson’s Reserve Very Old Kentucky Straight Bourbon Very Small Batch,0.9999374151229858,Jefferson’s Reserve Very Old Kentucky Straight Bourbon Very Small Batch,0.7
13955,Rabbit Hole Cavehill,Rabbit Hole Cavehill,0.9999999999999999,Rabbit Hole Cavehill,0.9997244477272034,Rabbit Hole Cavehill,0.7
19502,Ben Holladay Soft Red Wheat Rickhouse Proof,Ben Holladay Soft Red Wheat Rickhouse Proof,1.0,Ben Holladay Soft Red Wheat Rickhouse Proof,0.5588411092758179,Ben Holladay Soft Red Wheat Rickhouse Proof,0.7
2019,Bulleit Bourbon 10 Year,Bulleit Bourbon 10 Year,1.0000000000000002,Bulleit Bourbon 10 Year,0.995567262172699,Bulleit Bourbon 10 Year,0.7
592,Lagavulin 16 Year,,0.0,Lagavulin 16 Year,0.9984961748123169,Lagavulin 16 Year,0.7
3454,Elijah Craig Straight Rye Whiskey,Elijah Craig Straight Rye Whiskey,1.0000000000000004,Elijah Craig Straight Rye Whiskey,0.9969353675842285,Elijah Craig Straight Rye Whiskey,0.7
2034,Mellow Corn Bottled In Bond,,0.0,Mellow Corn Bottled In Bond,0.9882286787033081,Mellow Corn Bottled In Bond,0.7
17221,Redwood Empire Grizzly Beast Straight Bourbon Bottled in Bond,Redwood Empire Grizzly Beast Straight Bourbon Bottled in Bond,1.0,Redwood Empire Grizzly Beast Straight Bourbon Bottled in Bond,0.9986104965209961,Redwood Empire Grizzly Beast Straight Bourbon Bottled in Bond,0.7
18778,Remus Repeal Reserve VI,Remus Repeal Reserve VI,1.0,Remus Repeal Reserve VI,0.9973885416984558,Remus Repeal Reserve VI,0.7
4427,Old Forester 1870 Original Batch,Old Forester 1870 Original Batch,1.0,Old Forester 1870 Original Batch,0.9899250268936157,Old Forester 1870 Original Batch,0.7
18768,Maker’s Mark 2022 Wood Finishing Series BRT-02,Maker’s Mark 2022 Wood Finishing Series BRT-02,1.0,Maker’s Mark 2022 Wood Finishing Series BRT-02,0.9996566772460938,Maker’s Mark 2022 Wood Finishing Series BRT-02,0.7
17776,Green River Bourbon DSP-KY-10,Green River Bourbon DSP-KY-10,1.0,Green River Bourbon DSP-KY-10,0.9988762736320496,Green River Bourbon DSP-KY-10,0.7
19848,Blood Oath Pact No.9,Blood Oath Pact No.9,0.9999999999999999,Blood Oath Pact No.9,0.9970272183418274,Blood Oath Pact No.9,0.7
3181,Yamazaki 12 Year,Yamazaki 12 Year,1.0000000000000002,Yamazaki 12 Year,0.9368249773979187,Yamazaki 12 Year,0.7
3560,I.W. Harper 15 Year,I.W. Harper 15 Year,1.0,I.W. Harper 15 Year,0.9999988079071045,I.W. Harper 15 Year,0.7
4581,Basil Hayden's Dark Rye,Basil Hayden's Dark Rye,1.0000000000000002,Basil Hayden's Dark Rye,0.999955415725708,Basil Hayden's Dark Rye,0.7
16674,Old Fitzgerald 16 Year,Old Fitzgerald 16 Year,1.0,Old Fitzgerald 16 Year,0.9087637066841125,Old Fitzgerald 16 Year,0.7
20574,Little Book Chapter 7: In Retrospect,,0.0,Little Book Chapter 7: In Retrospect,0.9966222047805786,Little Book Chapter 7: In Retrospect,0.7
19465,Larceny Barrel Proof A123,Larceny Barrel Proof A123,1.0,Larceny Barrel Proof A123,0.7964590787887573,Larceny Barrel Proof A123,0.7
19529,Stagg Batch 22B,Stagg Batch 22B,1.0,Stagg Batch 22B,0.9935086965560913,Stagg Batch 22B,0.7
18185,Jack Daniel’s Triple Mash,Jack Daniel’s Triple Mash,1.0,Jack Daniel’s Triple Mash,0.9947970509529114,Jack Daniel’s Triple Mash,0.7
17181,Booker’s Bourbon 2021-03 Bardstown Batch,Booker’s Bourbon 2021-03 Bardstown Batch,1.0,Booker’s Bourbon 2021-03 Bardstown Batch,0.9773101806640625,Booker’s Bourbon 2021-03 Bardstown Batch,0.7
18517,Little Book Chapter 6: To The Finish,,0.0,Little Book Chapter 6: To The Finish,0.999953031539917,Little Book Chapter 6: To The Finish,0.7
21024,Stagg 127.8 Proof,Stagg 127.8 Proof,1.0000000000000002,Stagg 127.8 Proof,0.9999886751174927,Stagg 127.8 Proof,0.7
3793,High West American Prairie Bourbon,High West American Prairie Bourbon,1.0,High West American Prairie Bourbon,0.9818080067634583,High West American Prairie Bourbon,0.7
17246,Benchmark Top Floor,Benchmark Top Floor,1.0000000000000002,Benchmark Full Proof,0.7612572312355042,Benchmark Full Proof,0.7
18355,Smoke Wagon Uncut the Younger,,0.0,Smoke Wagon Uncut the Younger,0.997979462146759,Smoke Wagon Uncut the Younger,0.7
16693,Hibiki Japanese Harmony,Hibiki Japanese Harmony,1.0,Hibiki Japanese Harmony,0.7142535448074341,Hibiki Japanese Harmony,0.7
18767,Maker’s Mark 2022 Wood Finishing Series BRT-01,Maker’s Mark 2022 Wood Finishing Series BRT-01,1.0,Maker’s Mark 2022 Wood Finishing Series BRT-01,0.9971218705177307,Maker’s Mark 2022 Wood Finishing Series BRT-01,0.7
2428,Bib & Tucker 6 Year Small Batch Bourbon,Bib & Tucker 6 Year Small Batch Bourbon,1.0000000000000002,Bib & Tucker 6 Year Small Batch Bourbon,0.9992682337760925,Bib & Tucker 6 Year Small Batch Bourbon,0.7
14239,Ezra Brooks Cask Strength,Ezra Brooks Cask Strength,1.0,Ezra Brooks Cask Strength,0.9969422221183777,Ezra Brooks Cask Strength,0.7
17151,Rebel Cask Strength Single Barrel,Rebel Cask Strength Single Barrel,1.0,Rebel Cask Strength Single Barrel,0.9987611770629883,Rebel Cask Strength Single Barrel,0.7
19540,Bardstown Origin Series Bourbon,Bardstown Origin Series Bourbon,1.0,Bardstown Origin Series Bourbon,0.9973435997962952,Bardstown Origin Series Bourbon,0.7
13347,Sagamore Spirit Rye Double Oak,Sagamore Spirit Rye Double Oak,1.0000000000000002,Sagamore Spirit Rye Double Oak,0.9516900181770325,Sagamore Spirit Rye Double Oak,0.7
16367,Kirkland Signature Bottled-in-Bond Bourbon Barton 1792,Kirkland Signature Bottled-in-Bond Bourbon Barton 1792,1.0,Kirkland Signature Bottled-in-Bond Bourbon Barton 1792,0.8020272254943848,Kirkland Signature Bottled-in-Bond Bourbon Barton 1792,0.7
17309,Elijah Craig Barrel Proof Batch C921,Elijah Craig Barrel Proof Batch C921,1.0000000000000002,Elijah Craig Barrel Proof Batch C921,0.8615394234657288,Elijah Craig Barrel Proof Batch C921,0.7
16893,Bardstown Fusion Series No. 5,Bardstown Discovery Series No. 5,1.0,Bardstown Fusion Series No. 5,0.9572616219520569,Bardstown Discovery Series No. 5,0.7
19779,Evan Williams Single Barrel Vintage 2015,Evan Williams Single Barrel Vintage 2015,1.0,Evan Williams Single Barrel Vintage 2015,0.990546464920044,Evan Williams Single Barrel Vintage 2015,0.7
17164,Widow Jane Lucky Thirteen,Widow Jane Lucky Thirteen,1.0,Widow Jane Lucky Thirteen,0.9954172372817993,Widow Jane Lucky Thirteen,0.7
50056,George T Stagg - 2024,,0.0,George T Stagg - 2024,0.99355548620224,George T Stagg - 2024,0.7
3000,Uncle Nearest 1884 Small Batch,Uncle Nearest 1884 Small Batch,1.0,Uncle Nearest 1884 Small Batch,0.9992947578430176,Uncle Nearest 1884 Small Batch,0.7
34570,Green River Full Proof,Green River Full Proof,1.0,Green River Full Proof,0.9925864338874817,Green River Full Proof,0.7
2329,Buffalo Trace White Dog Mash 1,Buffalo Trace White Dog Mash 1,1.0,Buffalo Trace White Dog Mash 1,0.999178946018219,Buffalo Trace White Dog Mash 1,0.7
3086,Baker's 13 Year Single Barrel,Baker's 13 Year Single Barrel,1.0,Baker's 13 Year Single Barrel,0.9999839067459106,Baker's 13 Year Single Barrel,0.7
1580,Colonel E.H. Taylor Amaranth,Colonel E.H. Taylor Amaranth,1.0000000000000002,Colonel E.H. Taylor Amaranth,0.996800422668457,Colonel E.H. Taylor Amaranth,0.7
297,Old Elk Blended Straight Bourbon,Old Elk Blended Straight Bourbon,1.0,Old Elk Blended Straight Bourbon,0.9999569654464722,Old Elk Blended Straight Bourbon,0.7
3867,Blanton's,Blanton's,1.0000000000000002,Blanton's,0.9746491312980652,Blanton's,0.7
1547,Johnnie Walker Blue Label,Johnnie Walker Blue Label,1.0000000000000002,Johnnie Walker Blue Label,0.9987727999687195,Johnnie Walker Blue Label,0.7
18104,Weller 12 Year 1 Liter,Weller 12 Year 1 Liter,1.0,Weller 12 Year 1 Liter,0.8685904741287231,Weller 12 Year 1 Liter,0.7
17177,Wilderness Trail Small Batch Bourbon,,0.0,Wilderness Trail Small Batch Bourbon,0.9989996552467346,Wilderness Trail Small Batch Bourbon,0.7
2256,Buffalo Trace,Buffalo Trace,1.0000000000000002,Buffalo Trace,0.9999873638153076,Buffalo Trace,0.7
521,Legent Bourbon Whiskey,Legent Bourbon Whiskey,1.0,Legent Bourbon Whiskey,0.9973794221878052,Legent Bourbon Whiskey,0.7
20607,Penelope Rio Batch 2,Penelope Rio Batch 2,1.0,Penelope Rio Batch 2,0.9999312162399292,Penelope Rio Batch 2,0.7
19499,Booker’s 2023-01 Charlie’s Batch,Booker’s 2023-01 Charlie’s Batch,1.0,Booker’s 2023-01 Charlie’s Batch,0.998950719833374,Booker’s 2023-01 Charlie’s Batch,0.7
4476,Michter's Toasted Barrel Strength Rye Whiskey,Michter's Toasted Barrel Strength Rye Whiskey,1.0,Michter's Toasted Barrel Strength Rye Whiskey,0.9983738660812378,Michter's Toasted Barrel Strength Rye Whiskey,0.7
12902,Calumet Farm 14 Year,,0.0,Calumet Farm 14 Year,0.9992941617965698,Calumet Farm 14 Year,0.7
18939,Booker's Bourbon 2022-03 Kentucky Tea Batch,Booker's Bourbon 2022-03 Kentucky Tea Batch,1.0000000000000007,Booker's Bourbon 2022-03 Kentucky Tea Batch,0.9494144916534424,Booker's Bourbon 2022-03 Kentucky Tea Batch,0.7
19851,Maker’s Mark French Oaked No. 46 Cask Strength 23-01,Maker’s Mark French Oaked No. 46 Cask Strength 23-01,1.0,Maker’s Mark French Oaked No. 46 Cask Strength 23-01,0.999459445476532,Maker’s Mark French Oaked No. 46 Cask Strength 23-01,0.7
18084,Blue Run 13 Year Old,Blue Run 13 Year Old,1.0000000000000002,Blue Run 13 Year Old,0.999876856803894,Blue Run 13 Year Old,0.7
18718,WhistlePig 6 Year Piggyback Bourbon,WhistlePig 6 Year Piggyback Bourbon,1.0000000000000002,WhistlePig 6 Year Piggyback Bourbon,0.9996775388717651,WhistlePig 6 Year Piggyback Bourbon,0.7
281,Jefferson's Ocean Aged At Sea Voyage 17,Jefferson's Ocean Aged At Sea Voyage 17,1.0,Jefferson's Ocean Aged At Sea Voyage 17,0.9996997117996216,Jefferson's Ocean Aged At Sea Voyage 17,0.7
2311,Redwood Empire Emerald Giant,,0.0,Redwood Empire Emerald Giant,0.9988676309585571,Redwood Empire Emerald Giant,0.7
33325,Elijah Craig Barrel Proof - Batch B524,Elijah Craig Barrel Proof - Batch B524,1.0,Elijah Craig Barrel Proof - Batch B524,0.9980493783950806,Elijah Craig Barrel Proof - Batch B524,0.7
3617,Blue Note Bourbon,Blue Note Bourbon,1.0,Blue Note Bourbon,0.9999823570251465,Blue Note Bourbon,0.7
12112,Fortaleza Blanco Tequila,Fortaleza Blanco Tequila,1.0,Fortaleza Blanco Tequila,0.9719967246055603,Fortaleza Blanco Tequila,0.7
19816,Russell's Reserve Bourbon Single Rickhouse,Russell's Reserve Bourbon Single Rickhouse,0.9999999999999999,Russell's Reserve Bourbon Single Rickhouse,0.9993213415145874,Russell's Reserve Bourbon Single Rickhouse,0.7
19546,Wild Turkey 12 Year,,0.0,Wild Turkey 12 Year,0.9999829530715942,Wild Turkey 12 Year,0.7
3281,Benchmark No. 8,Benchmark No. 8,1.0,Benchmark No. 8,0.9997443556785583,Benchmark No. 8,0.7
17299,Frey Ranch Bourbon,Frey Ranch Bourbon,1.0000000000000002,Frey Ranch Bourbon,0.9866547584533691,Frey Ranch Bourbon,0.7
44955,Bardstown Origin Series Wheated Bourbon,Bardstown Origin Series Wheated Bourbon,1.0,Bardstown Origin Series Wheated Bourbon,0.9991636276245117,Bardstown Origin Series Wheated Bourbon,0.7
21291,Old Fitzgerald 8 Year - Fall 2023,Old Fitzgerald 8 Year - Fall 2023,1.0,Old Fitzgerald 8 Year - Fall 2023,0.9972072243690491,Old Fitzgerald 8 Year - Fall 2023,0.7
16486,New Riff Bourbon Single Barrel Barrel Proof,New Riff Bourbon Single Barrel Barrel Proof,1.0,New Riff Bourbon Single Barrel Barrel Proof,0.9971930384635925,New Riff Bourbon Single Barrel Barrel Proof,0.7
15987,Alberta Premium Cask Strength,Alberta Premium Cask Strength,1.0000000000000002,Alberta Premium Cask Strength,0.9994891881942749,Alberta Premium Cask Strength,0.7
1584,Chicken Cock Straight Bourbon,Chicken Cock Straight Bourbon,1.0,Chicken Cock Straight Bourbon,0.9999234676361084,Chicken Cock Straight Bourbon,0.7
17040,Horse Soldier Barrel Strength,Horse Soldier Barrel Strength,1.0,Horse Soldier Barrel Strength,0.994321346282959,Horse Soldier Barrel Strength,0.7
17328,Elmer T Lee Commemorative Edition,Elmer T Lee Commemorative Edition,1.0000000000000002,Elmer T Lee Commemorative Edition,0.9981535077095032,Elmer T Lee Commemorative Edition,0.7
28079,Elmer T. Lee Sour Mash,Elmer T. Lee Sour Mash,1.0,Elmer T. Lee Sour Mash,0.9980220794677734,Elmer T. Lee Sour Mash,0.7
17925,Basil Hayden Subtle Smoke,Basil Hayden Subtle Smoke,1.0000000000000002,Basil Hayden Subtle Smoke,0.9970644116401672,Basil Hayden Subtle Smoke,0.7
13667,Barrell Dovetail,Barrell Dovetail,1.0,Barrell Dovetail,0.9997557997703552,Barrell Dovetail,0.7
17924,Heaven Hill 17 Year Heritage Collection 2022 Release,Heaven Hill 17 Year Heritage Collection 2022 Release,1.0,Heaven Hill 17 Year Heritage Collection 2022 Release,0.5229732394218445,Heaven Hill 17 Year Heritage Collection 2022 Release,0.7
27454,Woodford Reserve Master's Collection Batch Proof 121.2,Woodford Reserve Master's Collection Batch Proof 121.2,1.0,Woodford Reserve Master's Collection Batch Proof 121.2,0.9995608925819397,Woodford Reserve Master's Collection Batch Proof 121.2,0.7
19807,Stagg - 23A,Stagg - 23A,1.0000000000000002,Stagg - 23A,0.9999223947525024,Stagg - 23A,0.7
17542,Rebel 10 Year Single Barrel,Rebel 10 Year Single Barrel,0.9999999999999999,Rebel 10 Year Single Barrel,0.9998699426651001,Rebel 10 Year Single Barrel,0.7
16602,Sam Houston Bourbon 15 Year,Sam Houston Bourbon 15 Year,1.0000000000000002,Sam Houston Bourbon 15 Year,0.9971681237220764,Sam Houston Bourbon 15 Year,0.7
17319,Benchmark Select Casks Small Batch,Benchmark Select Casks Small Batch,1.0,Benchmark Full Proof,0.7125788331031799,Benchmark Full Proof,0.7
147,Four Roses Bourbon,Four Roses Bourbon,1.0,Four Roses Bourbon,0.9870560169219971,Four Roses Bourbon,0.7
2316,Old Elk Wheated Bourbon,Old Elk Wheated Bourbon,1.0,Old Elk Wheated Bourbon,0.9998038411140442,Old Elk Wheated Bourbon,0.7
18075,Larceny Barrel Proof Batch A122,Larceny Barrel Proof Batch A122,1.0,Larceny Barrel Proof Batch A122,0.9632893800735474,Larceny Barrel Proof Batch A122,0.7
17921,Old Fitzgerald 17 Year,Old Fitzgerald 17 Year,1.0,Old Fitzgerald 17 Year,0.9997746348381042,Old Fitzgerald 17 Year,0.7
16680,Evan Williams 12 Year Red Label,Evan Williams 12 Year Red Label,1.0,Evan Williams 12 Year Red Label,0.9997205138206482,Evan Williams 12 Year Red Label,0.7
542,Green Spot,Green Spot,1.0,Green Spot,0.9986055493354797,Green Spot,0.7
16791,Colonel E.H. Taylor Warehouse C,Colonel E.H. Taylor Warehouse C,1.0000000000000002,Colonel E.H. Taylor Warehouse C,0.9846447110176086,Colonel E.H. Taylor Warehouse C,0.7
21257,Colonel E.H. Taylor Barrel Proof Batch 12,Colonel E.H. Taylor Barrel Proof Batch 12,1.0000000000000002,Colonel E.H. Taylor Barrel Proof Batch 12,0.9989499449729919,Colonel E.H. Taylor Barrel Proof Batch 12,0.7
3040,Suntory Toki Japanese Whiskey,Suntory Toki Japanese Whiskey,1.0,Suntory Toki Japanese Whiskey,0.9998243451118469,Suntory Toki Japanese Whiskey,0.7
48189,Larceny Barrel Proof C924,Larceny Barrel Proof C924,1.0,Larceny Barrel Proof C924,0.9996998310089111,Larceny Barrel Proof C924,0.7
4838,Jack Daniel's Single Barrel Rye,,0.0,Jack Daniel's Single Barrel Rye,0.9997088313102722,Jack Daniel's Single Barrel Rye,0.7
20014,Woodford Reserve Master’s Collection Batch Proof 124.7,Woodford Reserve Master’s Collection Batch Proof 124.7,1.0000000000000002,Woodford Reserve Master’s Collection Batch Proof 124.7,0.9986525774002075,Woodford Reserve Master’s Collection Batch Proof 124.7,0.7
2697,Johnny Drum Private Stock 15 Year,Johnny Drum Private Stock 15 Year,1.0,Johnny Drum Private Stock 15 Year,0.9552603363990784,Johnny Drum Private Stock 15 Year,0.7
4414,Redbreast 12 Year Cask Strength,Redbreast 12 Year Cask Strength,1.0000000000000002,Redbreast 12 Year Cask Strength,0.9964203834533691,Redbreast 12 Year Cask Strength,0.7
17214,Horse Soldier Small Batch,Horse Soldier Small Batch,1.0000000000000002,Horse Soldier Small Batch,0.9990597367286682,Horse Soldier Small Batch,0.7
1142,Buffalo Trace Kosher Rye 7 Year,Buffalo Trace Kosher Rye 7 Year,1.0,Buffalo Trace Kosher Rye 7 Year,0.9904048442840576,Buffalo Trace Kosher Rye 7 Year,0.7
21036,Bardstown Discovery Series No. 11,Bardstown Discovery Series No. 5,1.0,Bardstown Discovery Series No. 11,0.9992815852165222,Bardstown Discovery Series No. 5,0.7
4083,Laphroaig 10 Year,Laphroaig 10 Year,1.0,Laphroaig 10 Year,0.9944884777069092,Laphroaig 10 Year,0.7
25363,Woodford Reserve Derby 150 2024 Release,Woodford Reserve Derby 150 2024 Release,1.0,Woodford Reserve Derby 150 2024 Release,0.9999220371246338,Woodford Reserve Derby 150 2024 Release,0.7
3142,Old Forester Rye,Old Forester Rye,1.0,Old Forester Rye,0.9988885521888733,Old Forester Rye,0.7
18228,Larceny Barrel Proof Batch B522,Larceny Barrel Proof Batch B522,1.0,Larceny Barrel Proof Batch B522,0.9132102727890015,Larceny Barrel Proof Batch B522,0.7
17223,Blanton's Special Reserve,Blanton's Special Reserve,0.9999999999999999,Blanton's Special Reserve,0.9999954700469971,Blanton's Special Reserve,0.7
1388,Gentleman Jack,Gentleman Jack,1.0,Gentleman Jack,0.9257399439811707,Gentleman Jack,0.7
634,Murray Hill Club Bourbon,Murray Hill Club Bourbon,1.0,Murray Hill Club Bourbon,0.9995204210281372,Murray Hill Club Bourbon,0.7
40819,Eagle Rare,,0.0,Eagle Rare,0.9126182198524475,Eagle Rare,0.7
269,Old Fitzgerald 13 Year,Old Fitzgerald 13 Year,1.0,Old Fitzgerald 13 Year,0.9939785003662109,Old Fitzgerald 13 Year,0.7
34488,Little Book Chapter 8: Path Not Taken,Little Book Chapter 8: Path Not Taken,1.0,Little Book Chapter 8: Path Not Taken,0.9941710829734802,Little Book Chapter 8: Path Not Taken,0.7
48300,Elijah Craig Barrel Proof C924,Elijah Craig Barrel Proof C924,1.0,Elijah Craig Barrel Proof C924,0.26207849383354187,Elijah Craig Barrel Proof C924,0.7
23515,Four Roses Single Barrel,Four Roses Single Barrel,1.0,Four Roses Single Barrel,0.9999700784683228,Four Roses Single Barrel,0.7
16679,Heaven Hill Old Style Bourbon 6 Year,Heaven Hill Old Style Bourbon 6 Year,1.0000000000000002,Heaven Hill Old Style Bourbon 6 Year,0.9999172687530518,Heaven Hill Old Style Bourbon 6 Year,0.7
2685,Blackened,Blackened,1.0000000000000002,Blackened,0.9948240518569946,Blackened,0.7
13361,Brother's Bond Bourbon,Brother's Bond Bourbon,1.0000000000000002,Brother's Bond Bourbon,0.9971554279327393,Brother's Bond Bourbon,0.7
5155,Rittenhouse Rye,Rittenhouse Rye,1.0000000000000002,Rittenhouse Rye,0.9946531057357788,Rittenhouse Rye,0.7
5196,High West Bourye,High West Bourye,1.0000000000000002,High West Bourye,0.9967136383056641,High West Bourye,0.7
42342,Heaven Hill Grain to Glass Kentucky Straight Bourbon Whiskey,Heaven Hill Grain to Glass Kentucky Straight Bourbon Whiskey,1.0,Heaven Hill Grain to Glass Kentucky Straight Bourbon Whiskey,0.5839950442314148,Heaven Hill Grain to Glass Kentucky Straight Bourbon Whiskey,0.7
1807,Woodford Reserve Wheat,Woodford Reserve Wheat,1.0,Woodford Reserve Wheat,0.9997304081916809,Woodford Reserve Wheat,0.7
18004,Orphan Barrel Fabel and Folly,Orphan Barrel Fabel and Folly,0.9999999999999999,Orphan Barrel Fabel and Folly,0.9999886751174927,Orphan Barrel Fabel and Folly,0.7
3518,Russell's Reserve Single Barrel Rye,Russell's Reserve Single Barrel Rye,1.0,Russell's Reserve Single Barrel Rye,0.8401056528091431,Russell's Reserve Single Barrel Rye,0.7
786,Bulleit 95 Rye,,0.0,Bulleit 95 Rye,0.9983327984809875,Bulleit 95 Rye,0.7
678,WhistlePig 12 Year Old World,WhistlePig 12 Year Old World,1.0,WhistlePig 12 Year Old World,0.9998195767402649,WhistlePig 12 Year Old World,0.7
16796,Crown Royal XR Extra Rare 18 Year,Crown Royal XR Extra Rare 18 Year,1.0,Crown Royal XR Extra Rare 18 Year,0.9998832941055298,Crown Royal XR Extra Rare 18 Year,0.7
4510,Jefferson's Kentucky Straight Bourbon Whiskey Very Small Batch,Jefferson's Kentucky Straight Bourbon Whiskey Very Small Batch,1.0,Jefferson's Kentucky Straight Bourbon Whiskey Very Small Batch,0.9964491128921509,Jefferson's Kentucky Straight Bourbon Whiskey Very Small Batch,0.7
46500,Angel’s Envy Triple Oak,Angel’s Envy Triple Oak,1.0,Angel’s Envy Triple Oak,0.9998427629470825,Angel’s Envy Triple Oak,0.7
16485,Lux Row Limited Edition Whiskey 12 Year,Lux Row Limited Edition Whiskey 12 Year,1.0000000000000002,Lux Row Limited Edition Whiskey 12 Year,0.9907501339912415,Lux Row Limited Edition Whiskey 12 Year,0.7
2287,Nikka Whisky From The Barrel,Nikka Whisky From The Barrel,1.0,Nikka Whisky From The Barrel,0.9999082088470459,Nikka Whisky From The Barrel,0.7
11035,Tito's Handmade Vodka,Tito's Handmade Vodka,1.0,Tito's Handmade Vodka,0.9963898062705994,Tito's Handmade Vodka,0.7
19556,Kentucky Owl Takumi Edition,Kentucky Owl Takumi Edition,1.0,Kentucky Owl Takumi Edition,0.9742927551269531,Kentucky Owl Takumi Edition,0.7
1130,WhistlePig 10 Year Straight Rye,WhistlePig 10 Year Straight Rye,1.0000000000000002,WhistlePig 10 Year Straight Rye,0.9048362374305725,WhistlePig 10 Year Straight Rye,0.7
18883,Barrell Vantage,Barrell Vantage,0.9999999999999999,Barrell Vantage,0.9977157115936279,Barrell Vantage,0.7
2363,W.B. Saffell,W.B. Saffell,1.0,W.B. Saffell,0.9999593496322632,W.B. Saffell,0.7
18708,High West Midwinter Nights Dram Act 10 Scene 1: The Encore,High West Midwinter Nights Dram Act 10 Scene 1: The Encore,1.0000000000000002,High West Midwinter Nights Dram Act 10 Scene 1: The Encore,0.978084146976471,High West Midwinter Nights Dram Act 10 Scene 1: The Encore,0.7
17063,Yellowstone Limited Edition 2021,Yellowstone Limited Edition 2021,1.0000000000000004,Yellowstone Limited Edition 2021,0.9999946355819702,Yellowstone Limited Edition 2021,0.7
4857,Bernheim Original Kentucky Straight Wheat Whiskey,Bernheim Original Kentucky Straight Wheat Whiskey,1.0000000000000002,Bernheim Original Kentucky Straight Wheat Whiskey,0.9958458542823792,Bernheim Original Kentucky Straight Wheat Whiskey,0.7
2028,Jack Daniel's Single Barrel Eric Church,Jack Daniel's Single Barrel Eric Church,1.0000000000000002,Jack Daniel's Single Barrel Eric Church,0.9998268485069275,Jack Daniel's Single Barrel Eric Church,0.7
993,High West Rendezvous Rye,High West Rendezvous Rye,1.0,High West Rendezvous Rye,0.9977977275848389,High West Rendezvous Rye,0.7
18110,Evan Williams Single Barrel Vintage 2012,Evan Williams Single Barrel Vintage 2012,1.0,Evan Williams Single Barrel Vintage 2012,0.994113028049469,Evan Williams Single Barrel Vintage 2012,0.7
19594,Thirteenth Colony Distilleries Southern Bourbon Whiskey,Thirteenth Colony Distilleries Southern Bourbon Whiskey,1.0,Thirteenth Colony Distilleries Southern Bourbon Whiskey,0.9966138005256653,Thirteenth Colony Distilleries Southern Bourbon Whiskey,0.7
2753,WhistlePig 10 Year Single Barrel,WhistlePig 10 Year Single Barrel,1.0,WhistlePig 10 Year Single Barrel,0.9992840886116028,WhistlePig 10 Year Single Barrel,0.7
2973,Knob Creek Rye,Knob Creek Rye,1.0,Knob Creek Rye,0.9999221563339233,Knob Creek Rye,0.7
2592,Barrell Bourbon Single Barrel,Barrell Bourbon Single Barrel,1.0,Barrell Bourbon Single Barrel,0.998356282711029,Barrell Bourbon Single Barrel,0.7
41054,Heaven Hill: Grain to Glass - Wheated Bourbon,Heaven Hill: Grain to Glass - Wheated Bourbon,1.0000000000000002,Heaven Hill: Grain to Glass - Wheated Bourbon,0.9985778331756592,Heaven Hill: Grain to Glass - Wheated Bourbon,0.7
858,Ezra Brooks Distiller's Collection,Ezra Brooks Distiller's Collection,1.0000000000000002,Ezra Brooks Distiller's Collection,0.9990712404251099,Ezra Brooks Distiller's Collection,0.7
17158,Blue Note Crossroads,Blue Note Crossroads,1.0,Blue Note Crossroads,0.9943283200263977,Blue Note Crossroads,0.7
651,Willett Pot Still Reserve Bourbon,,0.0,Willett Pot Still Reserve Bourbon,0.9999371767044067,Willett Pot Still Reserve Bourbon,0.7
5029,Noble Oak Double Oak Bourbon,Noble Oak Double Oak Bourbon,1.0000000000000002,Noble Oak Double Oak Bourbon,0.9997599720954895,Noble Oak Double Oak Bourbon,0.7
20575,Old Fitzgerald 10 Year,Old Fitzgerald 10 Year,1.0,Old Fitzgerald 10 Year,0.9999951124191284,Old Fitzgerald 10 Year,0.7
2833,Basil Hayden's Bourbon,Basil Hayden's Bourbon,1.0000000000000002,Basil Hayden's Bourbon,0.8278051018714905,Basil Hayden's Bourbon,0.7
4709,Woodinville Straight Bourbon,Woodinville Straight Bourbon,1.0000000000000002,Woodinville Straight Bourbon,0.9998623132705688,Woodinville Straight Bourbon,0.7
32083,Blood Oath Pact No. 10,Blood Oath Pact No. 10,0.9999999999999999,Blood Oath Pact No. 10,0.9976150989532471,Blood Oath Pact No. 10,0.7
18138,Booker's Bourbon 2022-01 Ronnie’s Batch,Booker's Bourbon 2022-01 Ronnie’s Batch,1.0,Booker's Bourbon 2022-01 Ronnie’s Batch,0.9951371550559998,Booker's Bourbon 2022-01 Ronnie’s Batch,0.7
17611,Widow Jane The Vaults 15 Year,,0.0,Widow Jane The Vaults 15 Year,0.995141863822937,Widow Jane The Vaults 15 Year,0.7
27160,Larceny Barrel Proof A124,Larceny Barrel Proof A124,1.0,Larceny Barrel Proof A124,0.9999544620513916,Larceny Barrel Proof A124,0.7
53003,Stagg 24C,Stagg 24C,1.0000000000000002,Stagg 24C,0.9970492720603943,Stagg 24C,0.7
19883,Evan Williams Bottled in Bond Green Label,Evan Williams Bottled in Bond Green Label,1.0000000000000004,Evan Williams Bottled in Bond Green Label,0.9997840523719788,Evan Williams Bottled in Bond Green Label,0.7
17905,Angel's Envy Rye Caribbean Rum Cask,,0.0,Angel's Envy Rye Caribbean Rum Cask,0.9998929500579834,Angel's Envy Rye Caribbean Rum Cask,0.7
18440,Heaven’s Door Decade Series 10 Year Release 1,Heaven’s Door Decade Series 10 Year Release 1,1.0,Heaven’s Door Decade Series 10 Year Release 1,0.9884688258171082,Heaven’s Door Decade Series 10 Year Release 1,0.7
2192,Sazerac Rye 18 Year,Sazerac Rye 18 Year,1.0,Sazerac Rye 18 Year,0.9982057809829712,Sazerac Rye 18 Year,0.7
726,Macallan 12 Year Double Cask,Macallan 12 Year Double Cask,0.9999999999999999,Macallan 12 Year Double Cask,0.9995245933532715,Macallan 12 Year Double Cask,0.7
4789,Rabbit Hole Heigold,Rabbit Hole Heigold,1.0,Rabbit Hole Heigold,0.9942278861999512,Rabbit Hole Heigold,0.7
18521,Frank August Small Batch Bourbon,,0.0,Frank August Small Batch Bourbon,0.9997727274894714,Frank August Small Batch Bourbon,0.7
16248,Kirkland Signature Small Batch,Kirkland Signature Small Batch,1.0,Kirkland Signature Small Batch,0.9964679479598999,Kirkland Signature Small Batch,0.7
27294,Booker’s  Springfield Batch 2024-01,Booker’s  Springfield Batch 2024-01,1.0,Booker’s  Springfield Batch 2024-01,0.9120264649391174,Booker’s  Springfield Batch 2024-01,0.7
20206,Larceny Small Batch,Larceny Small Batch,0.9999999999999999,Larceny Small Batch,1.0,Larceny Small Batch,0.7
3616,Skrewball Peanut Butter Whiskey,Skrewball Peanut Butter Whiskey,1.0,Skrewball Peanut Butter Whiskey,0.9917946457862854,Skrewball Peanut Butter Whiskey,0.7
39325,"Booker's 7 Year ""The Beam House Batch"" - 2024","Booker's 7 Year ""The Beam House Batch"" - 2024",1.0,"Booker's 7 Year ""The Beam House Batch"" - 2024",0.967948853969574,"Booker's 7 Year ""The Beam House Batch"" - 2024",0.7
17378,Elijah Craig Barrel Proof Batch B521,Elijah Craig Barrel Proof Batch B521,1.0,Elijah Craig Barrel Proof Batch B521,0.5807034373283386,Elijah Craig Barrel Proof Batch B521,0.7
4496,Jefferson's Reserve Twin Oak Barrel,Jefferson's Reserve Twin Oak Barrel,1.0000000000000002,Jefferson's Reserve Twin Oak Barrel,0.9996911287307739,Jefferson's Reserve Twin Oak Barrel,0.7
19147,Jack Daniel’s Twice Barreled Special Release 2022 American Single Malt Finished in Oloroso Sherry Casks,Jack Daniel’s Twice Barreled Special Release 2022 American Single Malt Finished in Oloroso Sherry Casks,1.0,Jack Daniel’s Twice Barreled Special Release 2022 American Single Malt Finished in Oloroso Sherry Casks,0.9852478504180908,Jack Daniel’s Twice Barreled Special Release 2022 American Single Malt Finished in Oloroso Sherry Casks,0.7
48295,Booker’s Bourbon 2024-03,Booker’s Bourbon 2024-03,1.0,Booker’s Bourbon 2024-03,0.9989810585975647,Booker’s Bourbon 2024-03,0.7
39943,Heaven Hill Grain to Glass-Rye,Heaven Hill Grain to Glass-Rye,1.0,Heaven Hill Grain to Glass-Rye,0.994988739490509,Heaven Hill Grain to Glass-Rye,0.7
16050,Garrison Brothers Balmorhea Bourbon,Garrison Brothers Balmorhea Bourbon,1.0,Garrison Brothers Balmorhea Bourbon,0.9998886585235596,Garrison Brothers Balmorhea Bourbon,0.7
567,Woodford Reserve Rye,Woodford Reserve Rye,1.0,Woodford Reserve Rye,0.981315553188324,Woodford Reserve Rye,0.7
49176,Penelope Estate Collection Private Select 9 Year,Penelope Estate Collection Private Select 9 Year,1.0000000000000002,Penelope Estate Collection Private Select 9 Year,0.999708354473114,Penelope Estate Collection Private Select 9 Year,0.7
14303,Elijah Craig Barrel Proof Batch C917,Elijah Craig Barrel Proof Batch C917,1.0,Elijah Craig Barrel Proof Batch C917,0.9966526627540588,Elijah Craig Barrel Proof Batch C917,0.7
13891,Blue Spot 7 Year Batch 3,Blue Spot 7 Year Batch 3,1.0000000000000004,Blue Spot 7 Year Batch 3,0.9810066819190979,Blue Spot 7 Year Batch 3,0.7
17399,Elijah Craig Barrel Proof Batch A121,Elijah Craig Barrel Proof Batch A121,1.0000000000000002,Elijah Craig Barrel Proof Batch A121,0.43574005365371704,Elijah Craig Barrel Proof Batch A121,0.7
1286,Shenk's Homestead Sour Mash Whiskey 2022 Release,Shenk's Homestead Sour Mash Whiskey 2022 Release,0.9999999999999999,Shenk's Homestead Sour Mash Whiskey 2022 Release,0.9995328187942505,Shenk's Homestead Sour Mash Whiskey 2022 Release,0.7
3208,The Balvenie Double Wood 12 year,The Balvenie Double Wood 12 year,1.0,The Balvenie Double Wood 12 year,0.9982568621635437,The Balvenie Double Wood 12 year,0.7
17862,Evan Williams Single Barrel Vintage 2013,Evan Williams Single Barrel Vintage 2013,1.0,Evan Williams Single Barrel Vintage 2013,0.9970709085464478,Evan Williams Single Barrel Vintage 2013,0.7
17064,Jack Daniel's Bottled in Bond,Jack Daniel's Bottled in Bond,1.0,Jack Daniel's Bottled in Bond,0.2603488266468048,Jack Daniel's Bottled in Bond,0.7
1786,Knob Creek Single Barrel Rye,Knob Creek Single Barrel Rye,1.0,Knob Creek Single Barrel Rye,0.9899004101753235,Knob Creek Single Barrel Rye,0.7
11663,Clase Azul Reposado,,0.0,Clase Azul Reposado,1.0,Clase Azul Reposado,0.7
20692,Maker's Mark Cellar Aged 2023 Release,Maker's Mark Cellar Aged 2023 Release,1.0,Maker's Mark Cellar Aged 2023 Release,0.9999996423721313,Maker's Mark Cellar Aged 2023 Release,0.7
17101,"Booker's 6 Year ""Tagalong Batch"" - 2021","Booker's 6 Year ""Tagalong Batch"" - 2021",1.0,"Booker's 6 Year ""Tagalong Batch"" - 2021",0.6766870617866516,"Booker's 6 Year ""Tagalong Batch"" - 2021",0.7
16879,Still Austin Bourbon The Musician,Still Austin Bourbon The Musician,1.0000000000000002,Still Austin Bourbon The Musician,0.9964883327484131,Still Austin Bourbon The Musician,0.7
43333,Shenks Homstead Sour Mash Whiskey - 2024 Release,Shenks Homstead Sour Mash Whiskey - 2024 Release,1.0000000000000002,Shenks Homstead Sour Mash Whiskey - 2024 Release,0.9998376369476318,Shenks Homstead Sour Mash Whiskey - 2024 Release,0.7
12408,Don Julio 1942,,0.0,Don Julio 1942,0.9999991655349731,Don Julio 1942,0.7
13979,Old Fitzgerald 14 Year - Fall 2020,Old Fitzgerald 14 Year - Fall 2020,1.0,Old Fitzgerald 14 Year - Fall 2020,0.9217680096626282,Old Fitzgerald 14 Year - Fall 2020,0.7
3097,Elijah Craig 23 Year Single Barrel,Elijah Craig 23 Year Single Barrel,1.0,Elijah Craig 23 Year Single Barrel,0.9988142251968384,Elijah Craig 23 Year Single Barrel,0.7
4622,Hibiki Harmony,Hibiki Harmony,1.0000000000000002,Hibiki Harmony,0.9997050166130066,Hibiki Harmony,0.7
16502,George Remus Straight Bourbon Whiskey,George Remus Straight Bourbon Whiskey,1.0,George Remus Straight Bourbon Whiskey,0.9900791645050049,George Remus Straight Bourbon Whiskey,0.7
413,Evan Williams Black Label,Evan Williams Black Label,1.0000000000000002,Evan Williams Black Label,0.9996868371963501,Evan Williams Black Label,0.7
3956,Belle Meade Bourbon,Belle Meade Bourbon,1.0,Belle Meade Bourbon,0.9898550510406494,Belle Meade Bourbon,0.7
20813,2XO American Oak Oak Series Kentucky Straight Bourbon,2XO American Oak Oak Series Kentucky Straight Bourbon,1.0,2XO American Oak Oak Series Kentucky Straight Bourbon,0.9998650550842285,2XO American Oak Oak Series Kentucky Straight Bourbon,0.7
1693,Very Old Barton 6 Year 100 Proof,Very Old Barton 6 Year 100 Proof,1.0,Very Old Barton 6 Year 100 Proof,0.9999366998672485,Very Old Barton 6 Year 100 Proof,0.7
1753,Chattanooga Whiskey Experimental Single Barrel 75,Chattanooga Whiskey Experimental Single Barrel 75,1.0000000000000002,Chattanooga Whiskey Experimental Single Barrel 75,0.9996656179428101,Chattanooga Whiskey Experimental Single Barrel 75,0.7
18439,Four Roses Single Barrel Barrel Proof OESV,Four Roses Single Barrel Barrel Proof OESV,1.0000000000000002,Four Roses Single Barrel Barrel Proof OESV,0.9963125586509705,Four Roses Single Barrel Barrel Proof OESV,0.7
17547,Larceny Barrel Proof Batch C921,Larceny Barrel Proof Batch C921,1.0,Larceny Barrel Proof Batch C921,0.9954723715782166,Larceny Barrel Proof Batch C921,0.7
46347,Jack Daniel's Coy Hill Barrelhouse 8 2024 Special Release Single Barrel Whiskey,Jack Daniel's Coy Hill Barrelhouse 8 2024 Special Release Single Barrel Whiskey,1.0,Jack Daniel's Coy Hill Barrelhouse 8 2024 Special Release Single Barrel Whiskey,0.996515154838562,Jack Daniel's Coy Hill Barrelhouse 8 2024 Special Release Single Barrel Whiskey,0.7
19658,Old Elk Cigar Cut,Old Elk Cigar Cut,1.0,Old Elk Cigar Cut,0.9999867677688599,Old Elk Cigar Cut,0.7
1730,Old Fitzgerald 15 Year,Old Fitzgerald 15 Year,1.0,Old Fitzgerald 15 Year,0.9967779517173767,Old Fitzgerald 15 Year,0.7
2419,Crown Royal Regal Apple,Crown Royal Regal Apple,1.0,Crown Royal Regal Apple,0.9986636638641357,Crown Royal Regal Apple,0.7
6462,Hendrick's Gin,Hendrick's Gin,1.0000000000000002,Hendrick's Gin,0.9997429251670837,Hendrick's Gin,0.7
15345,King Of Kentucky,King Of Kentucky,0.9999999999999997,King Of Kentucky,0.9994097948074341,King Of Kentucky,0.7
2670,Michter's Limited Release Toasted Barrel Strength,Michter's Limited Release Toasted Barrel Strength,1.0,Michter's Limited Release Toasted Barrel Strength,0.9962235689163208,Michter's Limited Release Toasted Barrel Strength,0.7
4859,Tincup American Whiskey 10 Year,Tincup American Whiskey 10 Year,1.0,Tincup American Whiskey 10 Year,0.9999951124191284,Tincup American Whiskey 10 Year,0.7
145,Barrell Bourbon Infinite Barrel Project,Barrell Bourbon Infinite Barrel Project,1.0000000000000002,Barrell Bourbon Infinite Barrel Project,0.9995816349983215,Barrell Bourbon Infinite Barrel Project,0.7
4864,Glenfiddich Single Malt Scotch Whiskey 12 Years,Glenfiddich Single Malt Scotch Whiskey 12 Years,0.9999999999999999,Glenfiddich Single Malt Scotch Whiskey 12 Years,0.9994463324546814,Glenfiddich Single Malt Scotch Whiskey 12 Years,0.7
19569,Redwood Empire Lost Monarch Cask Strength,Redwood Empire Lost Monarch Cask Strength,1.0,Redwood Empire Lost Monarch Cask Strength,0.9997901320457458,Redwood Empire Lost Monarch Cask Strength,0.7
17420,Elijah Craig 1991 20 Year Single Barrel #42,,0.0,Elijah Craig 1991 20 Year Single Barrel #42,0.998612642288208,Elijah Craig 1991 20 Year Single Barrel #42,0.7
363,Jim Beam Double Oak,Jim Beam Double Oak,1.0,Jim Beam Double Oak,0.9998144507408142,Jim Beam Double Oak,0.7
1297,Russell's Reserve 6 Years Rye,Russell's Reserve 6 Years Rye,1.0,Russell's Reserve 6 Years Rye,0.781425416469574,Russell's Reserve 6 Years Rye,0.7
17126,Old Bardstown Bottled in Bond,Old Bardstown Bottled in Bond,1.0000000000000002,Old Bardstown Bottled in Bond,0.9996138215065002,Old Bardstown Bottled in Bond,0.7
17354,George Dickel x Leopold Brothers Collaboration,George Dickel x Leopold Brothers Collaboration,1.0000000000000002,George Dickel x Leopold Brothers Collaboration,0.9999613761901855,George Dickel x Leopold Brothers Collaboration,0.7
2128,Balvenie 14 Year Caribbean Cask,Balvenie 14 Year Caribbean Cask,1.0,Balvenie 14 Year Caribbean Cask,0.9978193044662476,Balvenie 14 Year Caribbean Cask,0.7
45695,Little Book The Infinite I 2024,Little Book The Infinite I 2024,1.0,Little Book The Infinite I 2024,0.9998226761817932,Little Book The Infinite I 2024,0.7
18872,Old Forester Birthday Bourbon 2022,Old Forester Birthday Bourbon 2022,1.0000000000000002,Old Forester Birthday Bourbon 2022,0.9998955726623535,Old Forester Birthday Bourbon 2022,0.7
2433,Glenlivet 12 Year,Glenlivet 12 Year,1.0,Glenlivet 12 Year,0.9782633185386658,Glenlivet 12 Year,0.7
18356,Stagg Jr. Batch 15,Stagg Jr. Batch 15,1.0,Stagg Jr. Batch 15,0.9345632791519165,Stagg Jr. Batch 15,0.7
16995,Bardstown Discovery Series No. 5,Bardstown Discovery Series No. 5,1.0,Bardstown Discovery Series No. 5,0.9972623586654663,Bardstown Discovery Series No. 5,0.7
16458,Castle & Key Restoration Rye,Castle & Key Restoration Rye,1.0000000000000002,Castle & Key Restoration Rye,0.9998829364776611,Castle & Key Restoration Rye,0.7
34209,Larceny Barrel Proof - Batch B524,Larceny Barrel Proof - Batch B524,1.0,Larceny Barrel Proof - Batch B524,0.9775573015213013,Larceny Barrel Proof - Batch B524,0.7
20519,Jack Daniel’s Twice Barreled Tennessee Rye 2023 Special Release,Jack Daniel’s Twice Barreled Tennessee Rye 2023 Special Release,1.0,Jack Daniel’s Twice Barreled Tennessee Rye 2023 Special Release,0.9968020915985107,Jack Daniel’s Twice Barreled Tennessee Rye 2023 Special Release,0.7
17389,Redwood Empire Rocket Top BIB Rye,Redwood Empire Rocket Top BIB Rye,1.0000000000000002,Redwood Empire Rocket Top BIB Rye,0.9999791383743286,Redwood Empire Rocket Top BIB Rye,0.7
4631,Evan Williams Single Barrel Vintage 1988,,0.0,Evan Williams Single Barrel Vintage 1988,0.9989407658576965,Evan Williams Single Barrel Vintage 1988,0.7
5151,Bulleit 12 Year Rye,Bulleit 12 Year Rye,1.0000000000000002,Bulleit 12 Year Rye,0.99998939037323,Bulleit 12 Year Rye,0.7
19555,Redwood Empire Emerald Giant Cask Strength,Redwood Empire Emerald Giant Cask Strength,1.0,Redwood Empire Emerald Giant Cask Strength,0.9860500693321228,Redwood Empire Emerald Giant Cask Strength,0.7
17264,New Riff 6 Year Malted Rye,New Riff 6 Year Malted Rye,1.0,New Riff 6 Year Malted Rye,0.9901918172836304,New Riff 6 Year Malted Rye,0.7
3562,Van Winkle Family Reserve 13 Year Rye,Van Winkle Family Reserve 13 Year Rye,1.0,Van Winkle Family Reserve 13 Year Rye,0.996049702167511,Van Winkle Family Reserve 13 Year Rye,0.7
44603,Maker's Mark Cellar Aged 2024 Release,Maker's Mark Cellar Aged 2024 Release,1.0000000000000002,Maker's Mark Cellar Aged 2024 Release,0.9998599290847778,Maker's Mark Cellar Aged 2024 Release,0.7
19812,George T. Stagg 2022 Release,George T. Stagg 2022 Release,1.0000000000000002,George T. Stagg 2022 Release,0.9991521835327148,George T. Stagg 2022 Release,0.7
3884,Johnnie Walker Black Label,Johnnie Walker Black Label,1.0000000000000002,Johnnie Walker Black Label,0.9998136162757874,Johnnie Walker Black Label,0.7
22361,Elijah Craig Barrel Proof A124,Elijah Craig Barrel Proof A124,1.0000000000000002,Elijah Craig Barrel Proof A124,0.9995577931404114,Elijah Craig Barrel Proof A124,0.7
17261,Wild Turkey Master's Keep One,Wild Turkey Master's Keep One,1.0000000000000002,Wild Turkey Master's Keep One,0.9956514239311218,Wild Turkey Master's Keep One,0.7
20518,RD One Bourbon Brazilian Amburana Wood Finish,RD One Bourbon Brazilian Amburana Wood Finish,1.0,RD One Bourbon Brazilian Amburana Wood Finish,0.9990643858909607,RD One Bourbon Brazilian Amburana Wood Finish,0.7
21216,Basil Hayden's 10 Year Bourbon,,0.0,Basil Hayden's 10 Year Bourbon,0.9981504082679749,Basil Hayden's 10 Year Bourbon,0.7
28334,Redwood Empire Screaming Titan,Redwood Empire Screaming Titan,1.0000000000000002,Redwood Empire Screaming Titan,0.9579570889472961,Redwood Empire Screaming Titan,0.7
17356,Woodford Reserve Five-Malt Stouted Mash - 2021,,0.0,Woodford Reserve Five-Malt Stouted Mash - 2021,0.9601761698722839,Woodford Reserve Five-Malt Stouted Mash - 2021,0.7
20824,Shenk’s Homestead Sour Mash Whiskey 2023 Release,Shenk’s Homestead Sour Mash Whiskey 2023 Release,1.0,Shenk’s Homestead Sour Mash Whiskey 2023 Release,0.9986894726753235,Shenk’s Homestead Sour Mash Whiskey 2023 Release,0.7
5208,Ancient Age,Ancient Age,0.9999999999999999,Ancient Age,0.995352029800415,Ancient Age,0.7
1533,J.T.S. Brown BIB Bourbon,J.T.S. Brown BIB Bourbon,1.0,J.T.S. Brown BIB Bourbon,0.9900496006011963,J.T.S. Brown BIB Bourbon,0.7
14242,Wild Turkey 101 Rye,Wild Turkey 101 Rye,1.0,Wild Turkey 101 Rye,0.9921342134475708,Wild Turkey 101 Rye,0.7
18042,Stagg Jr. - Batch #16,Stagg Jr. - Batch #16,1.0,Stagg Jr. - Batch #16,0.8300960659980774,Stagg Jr. - Batch #16,0.7
4723,Jameson Black Barrel,Jameson Black Barrel,1.0,Jameson Black Barrel,0.9899494647979736,Jameson Black Barrel,0.7
18002,Evan Williams Single Barrel Vintage 2014,Evan Williams Single Barrel Vintage 2014,1.0000000000000002,Evan Williams Single Barrel Vintage 2014,0.9971060156822205,Evan Williams Single Barrel Vintage 2014,0.7
149,Woodford Reserve Double Oaked,Woodford Reserve Double Oaked,1.0000000000000002,Woodford Reserve Double Oaked,0.9997846484184265,Woodford Reserve Double Oaked,0.7
2371,Old Grand Dad,,0.0,Old Grand Dad,0.9970188140869141,Old Grand Dad,0.7
3213,Breckenridge Bourbon Whiskey,Breckenridge Bourbon Whiskey,1.0,Breckenridge Bourbon Whiskey,1.0,Breckenridge Bourbon Whiskey,0.7
46278,Old Forester Birthday Bourbon 2024,Old Forester Birthday Bourbon 2024,1.0000000000000002,Old Forester Birthday Bourbon 2024,0.8041409850120544,Old Forester Birthday Bourbon 2024,0.7
3672,Angel's Envy Cask Strength,Angel's Envy Cask Strength,1.0,Angel's Envy Cask Strength,0.9427192211151123,Angel's Envy Cask Strength,0.7
32717,Jim Beam Black 7 Year,Jim Beam Black 7 Year,1.0000000000000002,Jim Beam Black 7 Year,0.567986786365509,Jim Beam Black 7 Year,0.7
42831,Bomberger’s Declaration 2024 Release,Bomberger’s Declaration 2024 Release,1.0000000000000002,Bomberger’s Declaration 2024 Release,0.9995762705802917,Bomberger’s Declaration 2024 Release,0.7
19466,Peerless Double Oak Rye,Peerless Double Oak Rye,1.0,Peerless Double Oak Rye,0.9999128580093384,Peerless Double Oak Rye,0.7
17156,George Remus Single Barrel,George Remus Single Barrel,1.0000000000000002,George Remus Single Barrel,0.9975124597549438,George Remus Single Barrel,0.7
17900,Smoke Wagon Straight Bourbon Halloween Edition,Smoke Wagon Straight Bourbon Halloween Edition,1.0,Smoke Wagon Straight Bourbon Halloween Edition,0.9997518658638,Smoke Wagon Straight Bourbon Halloween Edition,0.7
19223,Old Fitzgerald 19 Year - Fall 2022,Old Fitzgerald 19 Year - Fall 2022,1.0,Old Fitzgerald 19 Year - Fall 2022,0.9998817443847656,Old Fitzgerald 19 Year - Fall 2022,0.7
1355,Nikka Coffey Grain Japanese Whisky,Nikka Coffey Grain Japanese Whisky,1.0,Nikka Coffey Grain Japanese Whisky,0.9974641799926758,Nikka Coffey Grain Japanese Whisky,0.7
17500,Yellowstone Select Landmark Edition,Yellowstone Select Landmark Edition,1.0,Yellowstone Select Landmark Edition,0.9994571805000305,Yellowstone Select Landmark Edition,0.7
20648,Penelope Barrel Strength Private Select - 4 Grain - 9 Yr,Penelope Barrel Strength Private Select - 4 Grain - 9 Yr,1.0000000000000002,Penelope Barrel Strength Private Select - 4 Grain - 9 Yr,0.9997127652168274,Penelope Barrel Strength Private Select - 4 Grain - 9 Yr,0.7
13581,Four Roses 2020 Limited Edition Small Batch OESV,Four Roses 2020 Limited Edition Small Batch OESV,1.0000000000000002,Four Roses 2020 Limited Edition Small Batch OESV,0.9999282360076904,Four Roses 2020 Limited Edition Small Batch OESV,0.7
12152,Fortaleza Reposado Tequila,,0.0,Fortaleza Reposado Tequila,0.9894688129425049,Fortaleza Reposado Tequila,0.7
17644,Knob Creek 9 Year,Knob Creek 9 Year,1.0000000000000002,Knob Creek 9 Year,0.9441189169883728,Knob Creek 9 Year,0.7
20789,Lux Row Four Grain Double Single Barrel,Lux Row Four Grain Double Single Barrel,1.0000000000000004,Lux Row Four Grain Double Single Barrel,0.9858205318450928,Lux Row Four Grain Double Single Barrel,0.7
